,source,target,TS label,TS chiral?,
0,0030211000,0001203001,0030211000,yes,,,,,,,
1,0030211000,0011200300,0011200300,yes,,,,,,,
2,0030211000,0010123000,1000030210,yes,,,,,,,
3,0000210310,0000131200,0000210310,yes,,,,,,,
4,0000210310,0001301200,0210310000,yes,,,,,,,
5,0000210310,0001300120,0001300120,yes,,,,,,,
6,0002110030,0000301120,0002110030,yes,,,,,,,
7,0002110030,0003001120,2110030000,yes,,,,,,,
8,0002110030,0003000112,0003000112,yes,,,,,,,
9,0010300210,0120301000,0010300210,yes,,,,,,,
10,0010300210,0101200300,0300210010,yes,,,,,,,
11,0010300210,0031001200,0210010300,yes,,,,,,,
12,0020030101,1013002000,0020030101,yes,,,,,,,
13,0020030101,0103001200,0030100021,yes,,,,,,,
14,0020030101,0101302000,0100020031,yes,,,,,,,
15,0000210130,0000311200,0000210130,yes,,,,,,,
16,0000210130,0003101200,0210130000,yes,,,,,,,
17,0000210130,0003100120,0003100120,yes,,,,,,,
18,0010201003,0201003001,0010201003,yes,,,,,,,
19,0010201003,0010203100,0010203100,yes,,,,,,,
20,0010201003,0013021000,1000010203,yes,,,,,,,
21,0021003001,0012001003,0012001003,yes,,,,,,,
22,0021003001,0011200030,0030011200,yes,,,,,,,
23,0021003001,0031002001,2000031001,yes,,,,,,,
24,0103002001,0030101002,0030101002,yes,,,,,,,
25,0103002001,0020031010,0020031010,yes,,,,,,,
26,0103002001,0021000103,0100021003,yes,,,,,,,
27,0020100103,0102003010,0020100103,yes,,,,,,,
28,0020100103,0100103200,0100100023,no,,,,,,,
29,0020100103,0103012000,0100020103,yes,,,,,,,
30,0010201300,0030201001,0010201300,yes,,,,,,,
31,0010201300,0100310200,0201300010,yes,,,,,,,
32,0010201300,0021000310,1000310020,yes,,,,,,,
33,0020031001,1003002001,0020031001,yes,,,,,,,
34,0020031001,0013001200,0013001200,yes,,,,,,,
35,0020031001,0011302000,1000020031,yes,,,,,,,
36,0023001010,0032000101,0023001010,yes,,,,,,,
37,0023001010,0030201010,1010030200,yes,,,,,,,
38,0023001010,0002001013,1010023000,yes,,,,,,,
39,0030101200,0020103001,0030101200,yes,,,,,,,
40,0030101200,0100300210,0101200030,yes,,,,,,,
41,0030101200,0013000210,1200030100,yes,,,,,,,
42,0003210100,0000011230,0003210100,yes,,,,,,,
43,0003210100,0000101230,0101230000,yes,,,,,,,
44,0003210100,0000100123,0000100123,yes,,,,,,,
45,0001032010,0000103012,0001032010,yes,,,,,,,
46,0001032010,0001023010,1023010000,yes,,,,,,,
47,0001032010,0001020301,0001020301,yes,,,,,,,
48,0020030110,0113002000,0020030110,yes,,,,,,,
49,0020030110,0201103000,0030110020,yes,,,,,,,
50,0020030110,0302001100,0110020030,yes,,,,,,,
51,0000210103,0003011200,0000210103,yes,,,,,,,
52,0000210103,0101203000,0101203000,yes,,,,,,,
53,0000210103,0000103120,0000103120,yes,,,,,,,
54,0201003010,0010200103,0010200103,yes,,,,,,,
55,0201003010,0010021030,1003010200,yes,,,,,,,
56,0201003010,0000201031,0201030001,yes,,,,,,,
57,0100103002,0100102003,0100102003,no,,,,,,,
58,0100103002,0030102010,0030102010,yes,,,,,,,
59,0100103002,0032010100,0100032010,yes,,,,,,,
60,0001201003,0003000211,0001201003,yes,,,,,,,
61,0001201003,0010213000,0010213000,yes,,,,,,,
62,0001201003,0000013021,0000013021,yes,,,,,,,
63,0001020301,0001032010,0001020301,yes,,,,,,,
64,0001020301,0302011000,0302011000,yes,,,,,,,
65,0001020301,0000301201,0000301201,yes,,,,,,,
66,0000231010,0000103201,0000231010,yes,,,,,,,
67,0000231010,0001013200,0231010000,yes,,,,,,,
68,0000231010,0001010320,0001010320,yes,,,,,,,
69,0000311002,0002001301,0000311002,yes,,,,,,,
70,0000311002,0011302000,0011302000,yes,,,,,,,
71,0000311002,0000012130,0000012130,yes,,,,,,,
72,0013000120,0031000210,0013000120,yes,,,,,,,
73,0013000120,0030102100,2100030100,yes,,,,,,,
74,0013000120,0001002103,0120013000,yes,,,,,,,
75,0102000130,0020100310,0020100310,yes,,,,,,,
76,0102000130,0013100020,2000130100,yes,,,,,,,
77,0102000130,0000103102,0103100002,yes,,,,,,,
78,0021000301,0012001030,0012001030,yes,,,,,,,
79,0021000301,0011200300,0300011200,yes,,,,,,,
80,0021000301,0301002001,0300021001,yes,,,,,,,
81,0301201000,0000210301,0210300001,yes,,,,,,,
82,0301201000,0010210030,0010210030,yes,,,,,,,
83,0301201000,0010020301,0300010021,yes,,,,,,,
84,0003000121,0001210030,0003000121,yes,,,,,,,
85,0003000121,0031002100,2100031000,yes,,,,,,,
86,0003000121,0002101003,0002101003,yes,,,,,,,
87,0001000312,0002130010,0001000312,yes,,,,,,,
88,0001000312,0012001300,1000310002,yes,,,,,,,
89,0001000312,0001302001,0001302001,yes,,,,,,,
90,0020113000,0001102003,0020113000,yes,,,,,,,
91,0020113000,0031100200,0031100200,yes,,,,,,,
92,0020113000,0030112000,2000030110,yes,,,,,,,
93,0011000230,0011000320,0011000230,yes,,,,,,,
94,0011000230,0010103200,1000230010,yes,,,,,,,
95,0011000230,0001003201,0230011000,yes,,,,,,,
96,0000011032,0002301001,0000011032,yes,,,,,,,
97,0000011032,1002003010,0011030002,yes,,,,,,,
98,0000011032,0003012100,0003012100,yes,,,,,,,
99,0023001001,0032001001,0023001001,yes,,,,,,,
100,0023001001,0010031200,0010031200,yes,,,,,,,
101,0023001001,0011002003,1000023001,yes,,,,,,,
102,0002010103,0003011020,0002010103,yes,,,,,,,
103,0002010103,0101023000,0101023000,yes,,,,,,,
104,0002010103,0000103102,0000103102,yes,,,,,,,
105,0001012030,0000301012,0001012030,yes,,,,,,,
106,0001012030,0003021010,1012030000,yes,,,,,,,
107,0001012030,0003020101,0003020101,yes,,,,,,,
108,0031002100,0010013002,0013000012,yes,,,,,,,
109,0031002100,0010300120,0120010300,yes,,,,,,,
110,0031002100,0003000121,2100031000,yes,,,,,,,
111,0101003200,0010100023,0010100023,yes,,,,,,,
112,0101003200,0010010230,0230010010,yes,,,,,,,
113,0101003200,0000100231,0100230001,yes,,,,,,,
114,0010012300,0031001002,0010012300,no,,,,,,,
115,0010012300,0100321000,0012300010,yes,,,,,,,
116,0010012300,0101000320,1000320100,yes,,,,,,,
117,0020301010,0100302001,0020301010,yes,,,,,,,
118,0020301010,0201010300,0301010020,yes,,,,,,,
119,0020301010,0032001010,1010020300,yes,,,,,,,
120,0032000110,0023000110,0023000110,yes,,,,,,,
121,0032000110,0020301100,1100020300,yes,,,,,,,
122,0032000110,0003001102,0110032000,yes,,,,,,,
123,0000301210,0000120301,0000301210,yes,,,,,,,
124,0000301210,0001210300,0301210000,yes,,,,,,,
125,0000301210,0001210030,0001210030,yes,,,,,,,
126,0012030100,0013021000,0012030100,yes,,,,,,,
127,0012030100,0100103020,0103020100,yes,,,,,,,
128,0012030100,0100301002,0100012030,yes,,,,,,,
129,0000010312,0002131000,0000010312,yes,,,,,,,
130,0000010312,1002001300,0010310002,yes,,,,,,,
131,0000010312,0001302100,0001302100,yes,,,,,,,
132,0100300201,0101020300,0100300201,yes,,,,,,,
133,0100300201,0200301010,0200301010,yes,,,,,,,
134,0100300201,0100201030,0100201030,yes,,,,,,,
135,0010020130,0312001000,0010020130,yes,,,,,,,
136,0010020130,0103102000,0020130010,yes,,,,,,,
137,0010020130,0201003100,0130010020,yes,,,,,,,
138,0001020013,0003102010,0001020013,yes,,,,,,,
139,0001020013,1002013000,1002013000,yes,,,,,,,
140,0001020013,0001003201,0001003201,yes,,,,,,,
141,0003020110,0000112030,0003020110,yes,,,,,,,
142,0003020110,0001102030,1102030000,yes,,,,,,,
143,0003020110,0001100203,0001100203,yes,,,,,,,
144,0000021310,0000132001,0000021310,yes,,,,,,,
145,0000021310,0001312000,0021310000,yes,,,,,,,
146,0000021310,0001310200,0001310200,yes,,,,,,,
147,0201000301,0010201030,0010201030,yes,,,,,,,
148,0201000301,0011020300,0300011020,yes,,,,,,,
149,0201000301,0200301001,0200301001,yes,,,,,,,
150,0000001312,0000002131,0000001312,no,,,,,,,
151,0000001312,0002001310,0001310002,yes,,,,,,,
152,0000001312,0001312000,0001312000,yes,,,,,,,
153,0011000203,0011003020,0011000203,yes,,,,,,,
154,0011000203,0013100200,0200013100,yes,,,,,,,
155,0011000203,0203001001,0200011003,yes,,,,,,,
156,0000210013,0003101200,0000210013,yes,,,,,,,
157,0000210013,1001203000,0210010003,yes,,,,,,,
158,0000210013,0001003120,0001003120,yes,,,,,,,
159,0010032010,0103001002,0010032010,yes,,,,,,,
160,0010032010,0101023000,0032010010,yes,,,,,,,
161,0010032010,0301001020,1001020300,yes,,,,,,,
162,0100100203,0100103020,0100100203,no,,,,,,,
163,0100100203,0103010200,0100200103,yes,,,,,,,
164,0100100203,0100203010,0100203010,yes,,,,,,,
165,0010213000,0001201003,0010213000,yes,,,,,,,
166,0010213000,0031200100,0031200100,yes,,,,,,,
167,0010213000,0030121000,1000030120,yes,,,,,,,
168,1002001030,0010300021,0020010301,yes,,,,,,,
169,1002001030,0003010021,2001031000,yes,,,,,,,
170,1002001030,0000013012,0013010002,yes,,,,,,,
171,0103201000,0000230101,0103201000,yes,,,,,,,
172,0103201000,0010010230,0010230010,yes,,,,,,,
173,0103201000,0010020103,0100010023,yes,,,,,,,
174,0011002030,0011000302,0011000302,yes,,,,,,,
175,0011002030,0010103020,1002030010,yes,,,,,,,
176,0011002030,0001003021,1003020001,yes,,,,,,,
177,0000013201,0001021003,0000013201,yes,,,,,,,
178,0000013201,0231001000,0013200001,yes,,,,,,,
179,0000013201,0000231100,0000231100,yes,,,,,,,
180,0001031020,0000203011,0001031020,yes,,,,,,,
181,0001031020,0002013010,1031020000,yes,,,,,,,
182,0001031020,0002010301,0002010301,yes,,,,,,,
183,0003012100,0000011032,0003012100,yes,,,,,,,
184,0003012100,0000121030,0121030000,yes,,,,,,,
185,0003012100,0000120103,0000120103,yes,,,,,,,
186,0010320100,0012301000,0010320100,yes,,,,,,,
187,0010320100,0100102300,0102300100,yes,,,,,,,
188,0010320100,0100231000,0100010320,yes,,,,,,,
189,0100201003,0103000201,0100201003,yes,,,,,,,
190,0100201003,0010203010,0010203010,yes,,,,,,,
191,0100201003,0013020100,0100013020,yes,,,,,,,
192,0001102003,0003000112,0001102003,yes,,,,,,,
193,0001102003,0020113000,0020113000,yes,,,,,,,
194,0001102003,0000023011,0000023011,yes,,,,,,,
195,0002013010,0000101023,0002013010,yes,,,,,,,
196,0002013010,0001031020,1031020000,yes,,,,,,,
197,0002013010,0001030102,0001030102,yes,,,,,,,
198,0000203101,0001010203,0000203101,yes,,,,,,,
199,0000203101,0130201000,0130201000,yes,,,,,,,
200,0000203101,0000131020,0000131020,yes,,,,,,,
201,0010100032,0101002300,0010100032,yes,,,,,,,
202,0010100032,0102103000,0100030012,yes,,,,,,,
203,0010100032,1003002010,0030010102,yes,,,,,,,
204,0003010102,0002011030,0003010102,yes,,,,,,,
205,0003010102,0101032000,0101032000,yes,,,,,,,
206,0003010102,0000102103,0000102103,yes,,,,,,,
207,1012003000,0000021013,0021010003,yes,,,,,,,
208,1012003000,0020100031,0030020101,yes,,,,,,,
209,1012003000,0001010032,1010030002,yes,,,,,,,
210,0013012000,0001031002,0013012000,yes,,,,,,,
211,0013012000,0021030100,0021030100,yes,,,,,,,
212,0013012000,0020101003,1000020103,yes,,,,,,,
213,0001200301,0001030210,0001200301,yes,,,,,,,
214,0001200301,0211000300,0300211000,yes,,,,,,,
215,0001200301,0000301021,0000301021,yes,,,,,,,
216,0301001002,0010302001,0010302001,yes,,,,,,,
217,0301001002,0010012030,0010012030,no,,,,,,,
218,0301001002,0012000301,0300012001,yes,,,,,,,
219,0030100210,0103000120,0030100210,yes,,,,,,,
220,0030100210,0100301200,0100210030,yes,,,,,,,
221,0030100210,0013001200,0210030100,yes,,,,,,,
222,0000102130,0000310102,0000102130,yes,,,,,,,
223,0000102130,0003120100,0102130000,yes,,,,,,,
224,0000102130,0003120010,0003120010,yes,,,,,,,
225,0000312010,0000101302,0000312010,yes,,,,,,,
226,0000312010,0001021300,0312010000,yes,,,,,,,
227,0000312010,0001020130,0001020130,yes,,,,,,,
228,0020103010,0100102003,0020103010,yes,,,,,,,
229,0020103010,0100201030,0103010020,yes,,,,,,,
230,0020103010,0012001030,2001030010,yes,,,,,,,
231,0021100300,0030112000,0021100300,yes,,,,,,,
232,0021100300,0110200300,0300110200,yes,,,,,,,
233,0021100300,0012000301,0300021100,yes,,,,,,,
234,1002013000,0001020013,1002013000,yes,,,,,,,
235,1002013000,0000031021,0031020001,yes,,,,,,,
236,1002013000,0010030102,0010030102,yes,,,,,,,
237,0003010012,0002101030,0003010012,yes,,,,,,,
238,0003010012,1001032000,1001032000,yes,,,,,,,
239,0003010012,0001002103,0001002103,yes,,,,,,,
240,0002010013,0003101020,0002010013,yes,,,,,,,
241,0002010013,1001023000,1001023000,yes,,,,,,,
242,0002010013,0001003102,0001003102,yes,,,,,,,
243,0030120100,0012103000,0030120100,yes,,,,,,,
244,0030120100,0102100300,0102100300,yes,,,,,,,
245,0030120100,0100213000,0100030120,yes,,,,,,,
246,0000112300,0000031102,0000112300,yes,,,,,,,
247,0000112300,0000321100,0112300000,yes,,,,,,,
248,0000112300,0000320110,0000320110,yes,,,,,,,
249,0001300210,0000120310,0001300210,yes,,,,,,,
250,0001300210,0001200310,1200310000,yes,,,,,,,
251,0001300210,0001200031,0001200031,yes,,,,,,,
252,0010023010,0102001003,0010023010,yes,,,,,,,
253,0010023010,0101032000,0023010010,yes,,,,,,,
254,0010023010,0201001030,1001030200,yes,,,,,,,
255,1001032000,0003010012,1001032000,yes,,,,,,,
256,1001032000,0000023011,0023010001,yes,,,,,,,
257,1001032000,0010020301,0010020301,yes,,,,,,,
258,0000101203,0003020101,0000101203,yes,,,,,,,
259,0000101203,0103000210,0101200003,yes,,,,,,,
260,0000101203,0000213010,0000213010,yes,,,,,,,
261,0023000101,0032001010,0023000101,yes,,,,,,,
262,0023000101,0031200100,0100031200,yes,,,,,,,
263,0023000101,0101002003,0100023001,yes,,,,,,,
264,0000310201,0001021300,0000310201,yes,,,,,,,
265,0000310201,0201301000,0201301000,yes,,,,,,,
266,0000310201,0000201130,0000201130,yes,,,,,,,
267,0103000201,0030101020,0030101020,yes,,,,,,,
268,0103000201,0031010200,0200031010,yes,,,,,,,
269,0103000201,0100201003,0100201003,yes,,,,,,,
270,0000030112,0002113000,0000030112,yes,,,,,,,
271,0000030112,1103002000,0030110002,yes,,,,,,,
272,0000030112,0001102300,0001102300,yes,,,,,,,
273,0101030200,0023010100,0101030200,yes,,,,,,,
274,0101030200,0010203010,0203010010,yes,,,,,,,
275,0101030200,0100200301,0100200301,yes,,,,,,,
276,0012100030,0121000300,0012100030,yes,,,,,,,
277,0012100030,0103000120,2100030010,yes,,,,,,,
278,0012100030,0011003002,0030012100,yes,,,,,,,
279,0002013100,0000011023,0002013100,yes,,,,,,,
280,0002013100,0000131020,0131020000,yes,,,,,,,
281,0002013100,0000130102,0000130102,yes,,,,,,,
282,0000100231,0001320100,0000100231,yes,,,,,,,
283,0000100231,0101003200,0100230001,yes,,,,,,,
284,0000100231,0003201010,0003201010,yes,,,,,,,
285,0211003000,0000011203,0011200003,yes,,,,,,,
286,0211003000,0010120030,0030010120,yes,,,,,,,
287,0211003000,0001200031,1200030001,yes,,,,,,,
288,0002013001,0001001023,0002013001,yes,,,,,,,
289,0002013001,0031021000,0031021000,yes,,,,,,,
290,0002013001,0000031102,0000031102,yes,,,,,,,
291,0102031000,0003020101,0102031000,yes,,,,,,,
292,0102031000,0010013020,0013020010,yes,,,,,,,
293,0102031000,0010300102,0100010302,yes,,,,,,,
294,1001023000,0002010013,1001023000,yes,,,,,,,
295,1001023000,0000032011,0032010001,yes,,,,,,,
296,1001023000,0010030201,0010030201,yes,,,,,,,
297,0000320101,0001012300,0000320101,yes,,,,,,,
298,0000320101,0102301000,0102301000,yes,,,,,,,
299,0000320101,0000101230,0000101230,yes,,,,,,,
300,0101020300,0032010100,0101020300,yes,,,,,,,
301,0101020300,0010302010,0302010010,yes,,,,,,,
302,0101020300,0100300201,0100300201,yes,,,,,,,
303,0010130200,0023101000,0010130200,yes,,,,,,,
304,0010130200,0100203100,0130200010,yes,,,,,,,
305,0010130200,0200311000,0200010130,yes,,,,,,,
306,0000131020,0000203101,0000131020,yes,,,,,,,
307,0000131020,0002013100,0131020000,yes,,,,,,,
308,0000131020,0002010310,0002010310,yes,,,,,,,
309,0001201300,0000030211,0001201300,yes,,,,,,,
310,0001201300,0000310210,0310210000,yes,,,,,,,
311,0001201300,0000310021,0000310021,yes,,,,,,,
312,0000301021,0001200301,0000301021,yes,,,,,,,
313,0000301021,0301002010,0301020001,yes,,,,,,,
314,0000301021,0002011030,0002011030,yes,,,,,,,
315,0001002103,0003010012,0001002103,yes,,,,,,,
316,0001002103,0013000120,0120013000,yes,,,,,,,
317,0001002103,0000123001,0000123001,yes,,,,,,,
318,0100103020,0100100203,0100100203,no,,,,,,,
319,0100103020,0012030100,0103020100,yes,,,,,,,
320,0100103020,0010102030,0102030010,yes,,,,,,,
321,0002010031,0001301020,0002010031,yes,,,,,,,
322,0002010031,1003001020,2010030001,yes,,,,,,,
323,0002010031,0003001102,0003001102,yes,,,,,,,
324,0000130012,0002103100,0000130012,yes,,,,,,,
325,0000130012,1003102000,0130010002,yes,,,,,,,
326,0000130012,0001002310,0001002310,yes,,,,,,,
327,0100103200,0020100103,0100100023,no,,,,,,,
328,0100103200,0010230100,0103200100,yes,,,,,,,
329,0100103200,0010100230,0100230010,yes,,,,,,,
330,0000113002,0002001103,0000113002,yes,,,,,,,
331,0000113002,0031102000,0031102000,yes,,,,,,,
332,0000113002,0000032110,0000032110,yes,,,,,,,
333,0002101300,0000030121,0002101300,yes,,,,,,,
334,0002101300,0000310120,0310120000,yes,,,,,,,
335,0002101300,0000310012,0000310012,yes,,,,,,,
336,0012001030,0021000301,0012001030,yes,,,,,,,
337,0012001030,0020103010,2001030010,yes,,,,,,,
338,0012001030,0001003012,1003010002,yes,,,,,,,
339,0000001123,0000003211,0000001123,no,,,,,,,
340,0000001123,0003002110,0001120003,yes,,,,,,,
341,0000001123,0002113000,0002113000,yes,,,,,,,
342,0113002000,0000031102,0031100002,yes,,,,,,,
343,0113002000,0020030110,0020030110,yes,,,,,,,
344,0113002000,0001100023,1100020003,yes,,,,,,,
345,0000120130,0000312100,0000120130,yes,,,,,,,
346,0000120130,0003102100,0120130000,yes,,,,,,,
347,0000120130,0003100210,0003100210,yes,,,,,,,
348,0000210301,0001031200,0000210301,yes,,,,,,,
349,0000210301,0301201000,0210300001,yes,,,,,,,
350,0000210301,0000301120,0000301120,yes,,,,,,,
351,0201100300,0030110200,0110200030,yes,,,,,,,
352,0201100300,0020300110,0300110020,yes,,,,,,,
353,0201100300,0010200301,0200300011,yes,,,,,,,
354,0010020103,1003012000,0010020103,yes,,,,,,,
355,0010020103,0102003100,0020100013,yes,,,,,,,
356,0010020103,0103201000,0100010023,yes,,,,,,,
357,0001031002,0002003011,0001031002,yes,,,,,,,
358,0001031002,0013012000,0013012000,yes,,,,,,,
359,0001031002,0000012301,0000012301,yes,,,,,,,
360,0001021003,0003002011,0001021003,yes,,,,,,,
361,0001021003,0012013000,0012013000,yes,,,,,,,
362,0001021003,0000013201,0000013201,yes,,,,,,,
363,0000130021,0001203100,0000130021,yes,,,,,,,
364,0000130021,1002003100,0130020001,yes,,,,,,,
365,0000130021,0002001310,0002001310,yes,,,,,,,
366,0030201001,0203001001,0030201001,yes,,,,,,,
367,0030201001,0010201300,0010201300,yes,,,,,,,
368,0030201001,0011023000,1000030201,yes,,,,,,,
369,0201000310,0010200130,0010200130,yes,,,,,,,
370,0201000310,0010021300,1000310200,yes,,,,,,,
371,0201000310,0000201301,0201300001,yes,,,,,,,
372,0003210010,0000101230,0003210010,yes,,,,,,,
373,0003210010,0001001230,1001230000,yes,,,,,,,
374,0003210010,0001000123,0001000123,yes,,,,,,,
375,0002001301,0001030021,0002001301,yes,,,,,,,
376,0002001301,0021000310,0310021000,yes,,,,,,,
377,0002001301,0000311002,0000311002,yes,,,,,,,
378,0001100023,0003200110,0001100023,yes,,,,,,,
379,0001100023,0113002000,1100020003,yes,,,,,,,
380,0001100023,0002003011,0002003011,yes,,,,,,,
381,0012001003,0021003001,0012001003,yes,,,,,,,
382,0012001003,0010023100,0010023100,yes,,,,,,,
383,0012001003,0013001002,1000012003,yes,,,,,,,
384,0000120310,0000132100,0000120310,yes,,,,,,,
385,0000120310,0001302100,0120310000,yes,,,,,,,
386,0000120310,0001300210,0001300210,yes,,,,,,,
387,0012000130,0021000310,0012000130,yes,,,,,,,
388,0012000130,0020103100,2000130010,yes,,,,,,,
389,0012000130,0001003102,0130012000,yes,,,,,,,
390,0002003110,0000110023,0002003110,yes,,,,,,,
391,0002003110,0001130020,1130020000,yes,,,,,,,
392,0002003110,0000001132,0001130002,yes,,,,,,,
393,0100300210,0100120300,0100300210,yes,,,,,,,
394,0100300210,0011200300,0300210100,yes,,,,,,,
395,0100300210,0030101200,0101200030,yes,,,,,,,
396,0302001100,0010020301,0020300011,yes,,,,,,,
397,0302001100,0020030110,0110020030,yes,,,,,,,
398,0302001100,0000300112,0300110002,yes,,,,,,,
399,0001012300,0000031012,0001012300,yes,,,,,,,
400,0001012300,0000321010,0321010000,yes,,,,,,,
401,0001012300,0000320101,0000320101,yes,,,,,,,
402,0103000120,0030100210,0030100210,yes,,,,,,,
403,0103000120,0012100030,2100030010,yes,,,,,,,
404,0103000120,0000102103,0102100003,yes,,,,,,,
405,0001320010,0000102310,0001320010,yes,,,,,,,
406,0001320010,0001002310,1002310000,yes,,,,,,,
407,0001320010,0001000231,0001000231,yes,,,,,,,
408,0001310020,0000201310,0001310020,yes,,,,,,,
409,0001310020,0002001310,1310020000,yes,,,,,,,
410,0001310020,0002000131,0002000131,yes,,,,,,,
411,0000001231,0000001321,0000001231,no,,,,,,,
412,0000001231,0001003210,0001230001,yes,,,,,,,
413,0000001231,0003211000,0003211000,yes,,,,,,,
414,0000001132,0000002311,0000001132,no,,,,,,,
415,0000001132,0002003110,0001130002,yes,,,,,,,
416,0000001132,0003112000,0003112000,yes,,,,,,,
417,0000012130,0000311002,0000012130,yes,,,,,,,
418,0000012130,0003121000,0012130000,yes,,,,,,,
419,0000012130,0003120100,0003120100,yes,,,,,,,
420,1003001020,0010200031,0030010201,yes,,,,,,,
421,1003001020,0002010031,2010030001,yes,,,,,,,
422,1003001020,0000012013,0012010003,yes,,,,,,,
423,0010020301,1001032000,0010020301,yes,,,,,,,
424,0010020301,0302001100,0020300011,yes,,,,,,,
425,0010020301,0301201000,0300010021,yes,,,,,,,
426,0100203001,0101000203,0100203001,yes,,,,,,,
427,0100203001,0030201010,0030201010,yes,,,,,,,
428,0100203001,0031020100,0100031020,yes,,,,,,,
429,0000121003,0003002101,0000121003,yes,,,,,,,
430,0000121003,0012103000,0012103000,yes,,,,,,,
431,0000121003,0000013210,0000013210,yes,,,,,,,
432,0210301000,0000301201,0210301000,yes,,,,,,,
433,0210301000,0010300120,0010300120,yes,,,,,,,
434,0210301000,0010031200,1000210300,yes,,,,,,,
435,1003102000,0000130012,0130010002,yes,,,,,,,
436,1003102000,0000020131,0020130001,yes,,,,,,,
437,1003102000,0010010023,0010020013,yes,,,,,,,
438,0002100301,0001030120,0002100301,yes,,,,,,,
439,0002100301,0121000300,0300121000,yes,,,,,,,
440,0002100301,0000301012,0000301012,yes,,,,,,,
441,0010200103,0201003010,0010200103,yes,,,,,,,
442,0010200103,0100203100,0100203100,yes,,,,,,,
443,0010200103,0103021000,0100010203,yes,,,,,,,
444,0020110300,0031102000,0020110300,yes,,,,,,,
445,0020110300,0200301100,0110300020,yes,,,,,,,
446,0020110300,0112000300,0300020110,yes,,,,,,,
447,0003110020,0000201130,0003110020,yes,,,,,,,
448,0003110020,0002001130,2001130000,yes,,,,,,,
449,0003110020,0002000113,0002000113,yes,,,,,,,
450,0000132010,0000103102,0000132010,yes,,,,,,,
451,0000132010,0001023100,0132010000,yes,,,,,,,
452,0000132010,0001020310,0001020310,yes,,,,,,,
453,0000010321,0001231000,0000010321,yes,,,,,,,
454,0000010321,1001002300,0010320001,yes,,,,,,,
455,0000010321,0002301100,0002301100,yes,,,,,,,
456,0010100203,0101003020,0010100203,yes,,,,,,,
457,0010100203,0103100200,0100200013,yes,,,,,,,
458,0010100203,0203011000,0200010103,yes,,,,,,,
459,0000002131,0000001312,0000001312,no,,,,,,,
460,0000002131,0001003120,0002130001,yes,,,,,,,
461,0000002131,0003121000,0003121000,yes,,,,,,,
462,0102003010,0020100103,0020100103,yes,,,,,,,
463,0102003010,0011030020,1030020010,yes,,,,,,,
464,0102003010,0000101032,0101030002,yes,,,,,,,
465,0010013002,1001002003,0010013002,no,,,,,,,
466,0010013002,0031002100,0013000012,yes,,,,,,,
467,0010013002,0032101000,1000032100,yes,,,,,,,
468,0011302000,0000311002,0011302000,yes,,,,,,,
469,0011302000,0020310100,0020310100,yes,,,,,,,
470,0011302000,0020031001,1000020031,yes,,,,,,,
471,0001003201,0001020013,0001003201,yes,,,,,,,
472,0001003201,0011000230,0230011000,yes,,,,,,,
473,0001003201,0000231001,0000231001,yes,,,,,,,
474,0000012013,0003101002,0000012013,yes,,,,,,,
475,0000012013,1003001020,0012010003,yes,,,,,,,
476,0000012013,0001023100,0001023100,yes,,,,,,,
477,0001203100,0000010213,0001203100,yes,,,,,,,
478,0001203100,0000130210,0130210000,yes,,,,,,,
479,0001203100,0000130021,0000130021,yes,,,,,,,
480,0302011000,0001020301,0302011000,yes,,,,,,,
481,0302011000,0011020030,0011020030,yes,,,,,,,
482,0302011000,0010100302,0300010102,yes,,,,,,,
483,0003001102,0002010031,0003001102,yes,,,,,,,
484,0003001102,0032000110,0110032000,yes,,,,,,,
485,0003001102,0000112003,0000112003,yes,,,,,,,
486,0002100103,0003010120,0002100103,yes,,,,,,,
487,0002100103,0100123000,0100123000,yes,,,,,,,
488,0002100103,0000103012,0000103012,yes,,,,,,,
489,0000132100,0000013102,0000132100,yes,,,,,,,
490,0000132100,0000123100,0123100000,yes,,,,,,,
491,0000132100,0000120310,0000120310,yes,,,,,,,
492,0000310102,0002011300,0000310102,yes,,,,,,,
493,0000310102,0101302000,0101302000,yes,,,,,,,
494,0000310102,0000102130,0000102130,yes,,,,,,,
495,0001213000,0000001213,0001213000,yes,,,,,,,
496,0001213000,0000031210,0031210000,yes,,,,,,,
497,0001213000,0000030121,0000030121,yes,,,,,,,
498,0000120103,0003012100,0000120103,yes,,,,,,,
499,0000120103,0102103000,0102103000,yes,,,,,,,
500,0000120103,0000103210,0000103210,yes,,,,,,,
501,0001130200,0000023110,0001130200,yes,,,,,,,
502,0001130200,0000203110,0203110000,yes,,,,,,,
503,0001130200,0000200311,0000200311,yes,,,,,,,
504,0010103020,0101000203,0010103020,yes,,,,,,,
505,0010103020,0100102030,0103020010,yes,,,,,,,
506,0010103020,0011002030,1002030010,yes,,,,,,,
507,0002001013,0003100021,0002001013,yes,,,,,,,
508,0002001013,0023001010,1010023000,yes,,,,,,,
509,0002001013,0001013002,0001013002,yes,,,,,,,
510,0013200100,0010231000,0013200100,yes,,,,,,,
511,0013200100,0100100230,0100230100,yes,,,,,,,
512,0013200100,0021000103,0100013200,yes,,,,,,,
513,0010103002,0101002003,0010103002,yes,,,,,,,
514,0010103002,0030102100,0030102100,yes,,,,,,,
515,0010103002,0032011000,1000032010,yes,,,,,,,
516,0002300101,0001010320,0002300101,yes,,,,,,,
517,0002300101,0100321000,0100321000,yes,,,,,,,
518,0002300101,0000101032,0000101032,yes,,,,,,,
519,0003001210,0000120031,0003001210,yes,,,,,,,
520,0003001210,0001210030,1210030000,yes,,,,,,,
521,0003001210,0000001213,0001210003,yes,,,,,,,
522,0002031100,0000013021,0002031100,yes,,,,,,,
523,0002031100,0000113020,0113020000,yes,,,,,,,
524,0002031100,0000110302,0000110302,yes,,,,,,,
525,0000013012,0002101003,0000013012,yes,,,,,,,
526,0000013012,1002001030,0013010002,yes,,,,,,,
527,0000013012,0001032100,0001032100,yes,,,,,,,
528,0000110320,0000231100,0000110320,yes,,,,,,,
529,0000110320,0002301100,0110320000,yes,,,,,,,
530,0000110320,0002300110,0002300110,yes,,,,,,,
531,0021003010,0012000103,0012000103,yes,,,,,,,
532,0021003010,0010201030,1003010020,yes,,,,,,,
533,0021003010,0002001031,2001030001,yes,,,,,,,
534,0001021300,0000032011,0001021300,yes,,,,,,,
535,0001021300,0000312010,0312010000,yes,,,,,,,
536,0001021300,0000310201,0000310201,yes,,,,,,,
537,0000010213,0003121000,0000010213,yes,,,,,,,
538,0000010213,1003001200,0010210003,yes,,,,,,,
539,0000010213,0001203100,0001203100,yes,,,,,,,
540,0001103002,0002000113,0001103002,yes,,,,,,,
541,0001103002,0030112000,0030112000,yes,,,,,,,
542,0001103002,0000032011,0000032011,yes,,,,,,,
543,0013001020,0031000201,0013001020,yes,,,,,,,
544,0013001020,0030102010,2010030100,yes,,,,,,,
545,0013001020,0001002013,1002010003,yes,,,,,,,
546,0010300021,0301001200,0010300021,yes,,,,,,,
547,0010300021,0301102000,0300020011,yes,,,,,,,
548,0010300021,1002001030,0020010301,yes,,,,,,,
549,0203001100,0010030201,0030200011,yes,,,,,,,
550,0203001100,0020110030,0110030020,yes,,,,,,,
551,0203001100,0000200113,0200110003,yes,,,,,,,
552,0002030101,0001013020,0002030101,yes,,,,,,,
553,0002030101,0103021000,0103021000,yes,,,,,,,
554,0002030101,0000101302,0000101302,yes,,,,,,,
555,1003012000,0001030012,1003012000,yes,,,,,,,
556,1003012000,0000021031,0021030001,yes,,,,,,,
557,1003012000,0010020103,0010020103,yes,,,,,,,
558,0113000200,0020031100,0031100020,yes,,,,,,,
559,0113000200,0030110200,0200030110,yes,,,,,,,
560,0113000200,0001100203,0200113000,yes,,,,,,,
561,0010301200,0020301001,0010301200,yes,,,,,,,
562,0010301200,0100210300,0210300100,yes,,,,,,,
563,0010301200,0031000210,1000210030,yes,,,,,,,
564,0000230101,0001013200,0000230101,yes,,,,,,,
565,0000230101,0103201000,0103201000,yes,,,,,,,
566,0000230101,0000101320,0000101320,yes,,,,,,,
567,0030200101,0203001010,0030200101,yes,,,,,,,
568,0030200101,0100201300,0100201300,yes,,,,,,,
569,0030200101,0101023000,0100030201,yes,,,,,,,
570,0301002010,0010300102,0010300102,yes,,,,,,,
571,0301002010,0010031020,1002010300,yes,,,,,,,
572,0301002010,0000301021,0301020001,yes,,,,,,,
573,0000013210,0000121003,0000013210,yes,,,,,,,
574,0000013210,0001231000,0013210000,yes,,,,,,,
575,0000013210,0001230100,0001230100,yes,,,,,,,
576,0012031000,0003021001,0012031000,yes,,,,,,,
577,0012031000,0013020100,0013020100,yes,,,,,,,
578,0012031000,0010301002,1000010302,yes,,,,,,,
579,0000021301,0001032001,0000021301,yes,,,,,,,
580,0000021301,0312001000,0021300001,yes,,,,,,,
581,0000021301,0000311200,0000311200,yes,,,,,,,
582,0000302110,0000110302,0000302110,yes,,,,,,,
583,0000302110,0001120300,0302110000,yes,,,,,,,
584,0000302110,0001120030,0001120030,yes,,,,,,,
585,0011200030,0211000300,0011200030,yes,,,,,,,
586,0011200030,0103000210,1200030010,yes,,,,,,,
587,0011200030,0021003001,0030011200,yes,,,,,,,
588,1002003010,0010100023,0020010103,yes,,,,,,,
589,1002003010,0001030021,1030020001,yes,,,,,,,
590,1002003010,0000011032,0011030002,yes,,,,,,,
591,0002101030,0000300121,0002101030,yes,,,,,,,
592,0002101030,0003010120,2101030000,yes,,,,,,,
593,0002101030,0003010012,0003010012,yes,,,,,,,
594,0003120100,0000012130,0003120100,yes,,,,,,,
595,0003120100,0000102130,0102130000,yes,,,,,,,
596,0003120100,0000100213,0000100213,yes,,,,,,,
597,0020300101,0302001010,0020300101,yes,,,,,,,
598,0020300101,0100301200,0100301200,yes,,,,,,,
599,0020300101,0101032000,0100020301,yes,,,,,,,
600,0000120301,0001032100,0000120301,yes,,,,,,,
601,0000120301,0302101000,0120300001,yes,,,,,,,
602,0000120301,0000301210,0000301210,yes,,,,,,,
603,0010201030,0201000301,0010201030,yes,,,,,,,
604,0010201030,0103010200,0201030010,yes,,,,,,,
605,0010201030,0021003010,1003010020,yes,,,,,,,
606,0001020103,0003012010,0001020103,yes,,,,,,,
607,0001020103,0102013000,0102013000,yes,,,,,,,
608,0001020103,0000103201,0000103201,yes,,,,,,,
609,0001003120,0000210013,0001003120,yes,,,,,,,
610,0001003120,0002130010,1003120000,yes,,,,,,,
611,0001003120,0000002131,0002130001,yes,,,,,,,
612,0002131000,0000003121,0002131000,yes,,,,,,,
613,0002131000,0000013120,0013120000,yes,,,,,,,
614,0002131000,0000010312,0000010312,yes,,,,,,,
615,0001200103,0003010210,0001200103,yes,,,,,,,
616,0001200103,0100213000,0100213000,yes,,,,,,,
617,0001200103,0000103021,0000103021,yes,,,,,,,
618,0201010300,0031010200,0201010300,yes,,,,,,,
619,0201010300,0020301010,0301010020,yes,,,,,,,
620,0201010300,0100200301,0200300101,yes,,,,,,,
621,0001302100,0000010312,0001302100,yes,,,,,,,
622,0001302100,0000120310,0120310000,yes,,,,,,,
623,0001302100,0000120031,0000120031,yes,,,,,,,
624,0023100100,0010132000,0023100100,yes,,,,,,,
625,0023100100,0100130200,0100130200,yes,,,,,,,
626,0023100100,0012000103,0100023100,yes,,,,,,,
627,0000301102,0002010301,0000301102,yes,,,,,,,
628,0000301102,0110302000,0110302000,yes,,,,,,,
629,0000301102,0000112030,0000112030,yes,,,,,,,
630,0030101020,0103000201,0030101020,yes,,,,,,,
631,0030101020,0100302010,0101020030,yes,,,,,,,
632,0030101020,0013002010,1020030100,yes,,,,,,,
633,0010030021,1001203000,0010030021,yes,,,,,,,
634,0010030021,1102003000,0030020011,yes,,,,,,,
635,0010030021,1002001300,0020010031,yes,,,,,,,
636,0301001020,0010300201,0010300201,yes,,,,,,,
637,0301001020,0010032010,1001020300,yes,,,,,,,
638,0301001020,0000302011,0302010001,yes,,,,,,,
639,0003002011,0001100032,0003002011,yes,,,,,,,
640,0003002011,0031001020,1020031000,yes,,,,,,,
641,0003002011,0001021003,0001021003,yes,,,,,,,
642,0000023101,0001012003,0000023101,yes,,,,,,,
643,0000023101,0132001000,0023100001,yes,,,,,,,
644,0000023101,0000131200,0000131200,yes,,,,,,,
645,0000200131,0001310200,0000200131,yes,,,,,,,
646,0000200131,0201003100,0200130001,yes,,,,,,,
647,0000200131,0003101020,0003101020,yes,,,,,,,
648,0020101030,0102000301,0020101030,yes,,,,,,,
649,0020101030,0100203010,0101030020,yes,,,,,,,
650,0020101030,0012003010,1030020100,yes,,,,,,,
651,0010013200,0021001003,0010013200,no,,,,,,,
652,0010013200,0100231000,0013200010,yes,,,,,,,
653,0010013200,0101000230,1000230100,yes,,,,,,,
654,0000300112,0002110300,0000300112,yes,,,,,,,
655,0000300112,0302001100,0300110002,yes,,,,,,,
656,0000300112,0001102030,0001102030,yes,,,,,,,
657,0013000201,0031001020,0013000201,yes,,,,,,,
658,0013000201,0031100200,0200031100,yes,,,,,,,
659,0013000201,0201001003,0200013001,yes,,,,,,,
660,0000113020,0000201103,0000113020,yes,,,,,,,
661,0000113020,0002031100,0113020000,yes,,,,,,,
662,0000113020,0002030110,0002030110,yes,,,,,,,
663,0001100320,0000230110,0001100320,yes,,,,,,,
664,0001100320,0002300110,1100320000,yes,,,,,,,
665,0001100320,0002300011,0002300011,yes,,,,,,,
666,0001123000,0000002113,0001123000,yes,,,,,,,
667,0001123000,0000032110,0032110000,yes,,,,,,,
668,0001123000,0000030211,0000030211,yes,,,,,,,
669,0002301100,0000010321,0002301100,yes,,,,,,,
670,0002301100,0000110320,0110320000,yes,,,,,,,
671,0002301100,0000110032,0000110032,yes,,,,,,,
672,0000003112,0000002113,0000002113,no,,,,,,,
673,0000003112,0002001130,0003110002,yes,,,,,,,
674,0000003112,0001132000,0001132000,yes,,,,,,,
675,0001013020,0000201013,0001013020,yes,,,,,,,
676,0001013020,0002031010,1013020000,yes,,,,,,,
677,0001013020,0002030101,0002030101,yes,,,,,,,
678,0102001300,0020100031,0020100031,yes,,,,,,,
679,0102001300,0010310020,0310020010,yes,,,,,,,
680,0102001300,0000100312,0100310002,yes,,,,,,,
681,0000211300,0000031201,0000211300,yes,,,,,,,
682,0000211300,0000311200,0211300000,yes,,,,,,,
683,0000211300,0000310120,0000310120,yes,,,,,,,
684,0030100120,0103000210,0030100120,yes,,,,,,,
685,0030100120,0100302100,0100120030,yes,,,,,,,
686,0030100120,0013002100,0120030100,yes,,,,,,,
687,0001310200,0000021310,0001310200,yes,,,,,,,
688,0001310200,0000201310,0201310000,yes,,,,,,,
689,0001310200,0000200131,0000200131,yes,,,,,,,
690,0003012001,0001001032,0003012001,yes,,,,,,,
691,0003012001,0021031000,0021031000,yes,,,,,,,
692,0003012001,0000021103,0000021103,yes,,,,,,,
693,0012010030,0301021000,0012010030,yes,,,,,,,
694,0012010030,0103001020,2010030010,yes,,,,,,,
695,0012010030,0101003002,0030012010,yes,,,,,,,
696,0000100123,0003210100,0000100123,yes,,,,,,,
697,0000100123,0103002100,0100120003,yes,,,,,,,
698,0000100123,0002103010,0002103010,yes,,,,,,,
699,0003211000,0000001231,0003211000,yes,,,,,,,
700,0003211000,0000011230,0011230000,yes,,,,,,,
701,0003211000,0000010123,0000010123,yes,,,,,,,
702,0000302011,0001100302,0000302011,yes,,,,,,,
703,0000302011,0301001020,0302010001,yes,,,,,,,
704,0000302011,0001021030,0001021030,yes,,,,,,,
705,0000011203,0003021001,0000011203,yes,,,,,,,
706,0000011203,0211003000,0011200003,yes,,,,,,,
707,0000011203,0000213100,0000213100,yes,,,,,,,
708,0123001000,0000032101,0032100001,yes,,,,,,,
709,0123001000,0010030210,0010030210,yes,,,,,,,
710,0123001000,0002100013,1000123000,yes,,,,,,,
711,0031000210,0013000120,0013000120,yes,,,,,,,
712,0031000210,0010301200,1000210030,yes,,,,,,,
713,0031000210,0003001201,0210031000,yes,,,,,,,
714,0001001320,0000230011,0001001320,yes,,,,,,,
715,0001001320,0002310010,1001320000,yes,,,,,,,
716,0001001320,0000002311,0002310001,yes,,,,,,,
717,0001203001,0001000213,0001203001,yes,,,,,,,
718,0001203001,0030211000,0030211000,yes,,,,,,,
719,0001203001,0000031021,0000031021,yes,,,,,,,
720,0000003211,0000001123,0000001123,no,,,,,,,
721,0000003211,0001001230,0003210001,yes,,,,,,,
722,0000003211,0001231000,0001231000,yes,,,,,,,
723,0100201300,0030200101,0100201300,yes,,,,,,,
724,0100201300,0010310200,0201300100,yes,,,,,,,
725,0100201300,0020100310,0100310020,yes,,,,,,,
726,0021013000,0001012003,0021013000,yes,,,,,,,
727,0021013000,0031010200,0031010200,yes,,,,,,,
728,0021013000,0030102001,2000030101,yes,,,,,,,
729,0012000310,0021000130,0012000310,yes,,,,,,,
730,0012000310,0020101300,1300020100,yes,,,,,,,
731,0012000310,0001001302,0310012000,yes,,,,,,,
732,0001132000,0000003112,0001132000,yes,,,,,,,
733,0001132000,0000023110,0023110000,yes,,,,,,,
734,0001132000,0000020311,0000020311,yes,,,,,,,
735,0101002300,0010100032,0010100032,yes,,,,,,,
736,0101002300,0010010320,0320010010,yes,,,,,,,
737,0101002300,0000100321,0100320001,yes,,,,,,,
738,0021001030,0012000301,0012000301,yes,,,,,,,
739,0021001030,0010203010,1001030020,yes,,,,,,,
740,0021001030,0002003011,1030021000,yes,,,,,,,
741,0000301012,0002100301,0000301012,yes,,,,,,,
742,0000301012,0302001010,0301010002,yes,,,,,,,
743,0000301012,0001012030,0001012030,yes,,,,,,,
744,0021300100,0010312000,0021300100,yes,,,,,,,
745,0021300100,0100310200,0100310200,yes,,,,,,,
746,0021300100,0032000101,0100021300,yes,,,,,,,
747,0101000230,0010100320,0010100320,yes,,,,,,,
748,0101000230,0010013200,1000230100,yes,,,,,,,
749,0101000230,0000103201,0103200001,yes,,,,,,,
750,0002001310,0000130021,0002001310,yes,,,,,,,
751,0002001310,0001310020,1310020000,yes,,,,,,,
752,0002001310,0000001312,0001310002,yes,,,,,,,
753,0003001021,0001200031,0003001021,yes,,,,,,,
754,0003001021,0031002010,2010031000,yes,,,,,,,
755,0003001021,0002011003,0002011003,yes,,,,,,,
756,0002003101,0001010023,0002003101,yes,,,,,,,
757,0002003101,0021000130,0130021000,yes,,,,,,,
758,0002003101,0000131002,0000131002,yes,,,,,,,
759,0001301002,0002000311,0001301002,yes,,,,,,,
760,0001301002,0010312000,0010312000,yes,,,,,,,
761,0001301002,0000012031,0000012031,yes,,,,,,,
762,0003100012,0002100130,0003100012,yes,,,,,,,
763,0003100012,0132001000,1000132000,yes,,,,,,,
764,0003100012,0001002013,0001002013,yes,,,,,,,
765,0101200300,0030210100,0101200300,yes,,,,,,,
766,0101200300,0010300210,0300210010,yes,,,,,,,
767,0101200300,0020100301,0100300021,yes,,,,,,,
768,0011003020,0011000203,0011000203,yes,,,,,,,
769,0011003020,0010102030,1003020010,yes,,,,,,,
770,0011003020,0001002031,1002030001,yes,,,,,,,
771,0110203000,0000201103,0110203000,yes,,,,,,,
772,0110203000,0030200110,0030200110,yes,,,,,,,
773,0110203000,0021100030,1100030020,yes,,,,,,,
774,0001001203,0003020011,0001001203,yes,,,,,,,
775,0001001203,0013000210,0210013000,yes,,,,,,,
776,0001001203,0000213001,0000213001,yes,,,,,,,
777,0010302001,0301001002,0010302001,yes,,,,,,,
778,0010302001,0020301100,0020301100,yes,,,,,,,
779,0010302001,0021031000,1000021030,yes,,,,,,,
780,0001010032,0002301010,0001010032,yes,,,,,,,
781,0001010032,1012003000,1010030002,yes,,,,,,,
782,0001010032,0003002101,0003002101,yes,,,,,,,
783,0000312100,0000011302,0000312100,yes,,,,,,,
784,0000312100,0000121300,0121300000,yes,,,,,,,
785,0000312100,0000120130,0000120130,yes,,,,,,,
786,0000102013,0003100102,0000102013,yes,,,,,,,
787,0000102013,0103001020,0102010003,yes,,,,,,,
788,0000102013,0001023010,0001023010,yes,,,,,,,
789,0011030020,0203011000,0011030020,yes,,,,,,,
790,0011030020,0102003010,1030020010,yes,,,,,,,
791,0011030020,0301002001,0020011030,yes,,,,,,,
792,0001030021,0001203010,0001030021,yes,,,,,,,
793,0001030021,1002003010,1030020001,yes,,,,,,,
794,0001030021,0002001301,0002001301,yes,,,,,,,
795,0011000032,0011002300,0011000032,yes,,,,,,,
796,0011000032,0012103000,1000030012,yes,,,,,,,
797,0011000032,1003002001,0030011002,yes,,,,,,,
798,0120301000,0000302101,0120301000,yes,,,,,,,
799,0120301000,0010300210,0010300210,yes,,,,,,,
800,0120301000,0010032100,1000120300,yes,,,,,,,
801,0130201000,0000203101,0130201000,yes,,,,,,,
802,0130201000,0010200310,0010200310,yes,,,,,,,
803,0130201000,0010023100,1000130200,yes,,,,,,,
804,0001200310,0000130210,0001200310,yes,,,,,,,
805,0001200310,0001300210,1200310000,yes,,,,,,,
806,0001200310,0001300021,0001300021,yes,,,,,,,
807,0011300200,0020311000,0011300200,yes,,,,,,,
808,0011300200,0100200310,0200310100,yes,,,,,,,
809,0011300200,0031000201,0200011300,yes,,,,,,,
810,0000203011,0001100203,0000203011,yes,,,,,,,
811,0000203011,0201001030,0203010001,yes,,,,,,,
812,0000203011,0001031020,0001031020,yes,,,,,,,
813,0001210300,0000031210,0001210300,yes,,,,,,,
814,0001210300,0000301210,0301210000,yes,,,,,,,
815,0001210300,0000300121,0000300121,yes,,,,,,,
816,0021000103,0012003010,0012003010,yes,,,,,,,
817,0021000103,0013200100,0100013200,yes,,,,,,,
818,0021000103,0103002001,0100021003,yes,,,,,,,
819,0010020310,0132001000,0010020310,yes,,,,,,,
820,0010020310,0101302000,0020310010,yes,,,,,,,
821,0010020310,0201001300,0310010020,yes,,,,,,,
822,0000001321,0000001231,0000001231,no,,,,,,,
823,0000001321,0001002310,0001320001,yes,,,,,,,
824,0000001321,0002311000,0002311000,yes,,,,,,,
825,0100130200,0023100100,0100130200,yes,,,,,,,
826,0100130200,0010203100,0130200100,yes,,,,,,,
827,0100130200,0100200310,0100200310,yes,,,,,,,
828,0002103100,0000010123,0002103100,yes,,,,,,,
829,0002103100,0000130120,0130120000,yes,,,,,,,
830,0002103100,0000130012,0000130012,yes,,,,,,,
831,0100312000,0001300102,0100312000,yes,,,,,,,
832,0100312000,0010021300,0021300010,yes,,,,,,,
833,0100312000,0020130100,0100020130,yes,,,,,,,
834,0011002300,0011000032,0011000032,yes,,,,,,,
835,0011002300,0010100320,0320010100,yes,,,,,,,
836,0011002300,0001000321,1000320001,yes,,,,,,,
837,0001002130,0000310012,0001002130,yes,,,,,,,
838,0001002130,0003120010,1002130000,yes,,,,,,,
839,0001002130,0000003121,0003120001,yes,,,,,,,
840,0200301010,0100300201,0200301010,yes,,,,,,,
841,0200301010,0021010300,0301010200,yes,,,,,,,
842,0200301010,0030201010,0201010030,yes,,,,,,,
843,0031000120,0013000210,0013000210,yes,,,,,,,
844,0031000120,0010302100,1000120030,yes,,,,,,,
845,0031000120,0003002101,0120031000,yes,,,,,,,
846,0000003121,0000001213,0000001213,no,,,,,,,
847,0000003121,0001002130,0003120001,yes,,,,,,,
848,0000003121,0002131000,0002131000,yes,,,,,,,
849,0002100013,0003100120,0002100013,yes,,,,,,,
850,0002100013,0123001000,1000123000,yes,,,,,,,
851,0002100013,0001003012,0001003012,yes,,,,,,,
852,0100132000,0003100102,0100132000,yes,,,,,,,
853,0100132000,0010023100,0023100010,yes,,,,,,,
854,0100132000,0020310100,0100020310,yes,,,,,,,
855,0010010203,1001003020,0010010203,no,,,,,,,
856,0010010203,0201003100,0010200013,yes,,,,,,,
857,0010010203,0203101000,0200010013,yes,,,,,,,
858,0012013000,0001021003,0012013000,yes,,,,,,,
859,0012013000,0031020100,0031020100,yes,,,,,,,
860,0012013000,0030101002,1000030102,yes,,,,,,,
861,0000310012,0002101300,0000310012,yes,,,,,,,
862,0000310012,1001302000,0310010002,yes,,,,,,,
863,0000310012,0001002130,0001002130,yes,,,,,,,
864,0001002031,0001300012,0001002031,yes,,,,,,,
865,0001002031,0011003020,1002030001,yes,,,,,,,
866,0001002031,0003021001,0003021001,yes,,,,,,,
867,0010203010,0100201003,0010203010,yes,,,,,,,
868,0010203010,0101030200,0203010010,yes,,,,,,,
869,0010203010,0021001030,1001030020,yes,,,,,,,
870,0002011003,0003001021,0002011003,yes,,,,,,,
871,0002011003,0011023000,0011023000,yes,,,,,,,
872,0002011003,0000013102,0000013102,yes,,,,,,,
873,0000120013,0003102100,0000120013,yes,,,,,,,
874,0000120013,1002103000,0120010003,yes,,,,,,,
875,0000120013,0001003210,0001003210,yes,,,,,,,
876,0002113000,0000001123,0002113000,yes,,,,,,,
877,0002113000,0000031120,0031120000,yes,,,,,,,
878,0002113000,0000030112,0000030112,yes,,,,,,,
879,0010100302,0101002030,0010100302,yes,,,,,,,
880,0010100302,0102100300,0100300012,yes,,,,,,,
881,0010100302,0302011000,0300010102,yes,,,,,,,
882,0010301020,0200301001,0010301020,yes,,,,,,,
883,0010301020,0102010300,0301020010,yes,,,,,,,
884,0010301020,0031002010,1002010030,yes,,,,,,,
885,0000103102,0002010103,0000103102,yes,,,,,,,
886,0000103102,0102000130,0103100002,yes,,,,,,,
887,0000103102,0000132010,0000132010,yes,,,,,,,
888,0000123001,0001002103,0000123001,yes,,,,,,,
889,0000123001,0032101000,0032101000,yes,,,,,,,
890,0000123001,0000031210,0000031210,yes,,,,,,,
891,0100102003,0100103002,0100102003,no,,,,,,,
892,0100102003,0020103010,0020103010,yes,,,,,,,
893,0100102003,0023010100,0100023010,yes,,,,,,,
894,0031001020,0013000201,0013000201,yes,,,,,,,
895,0031001020,0010302010,1001020030,yes,,,,,,,
896,0031001020,0003002011,1020031000,yes,,,,,,,
897,0013102000,0000131002,0013102000,yes,,,,,,,
898,0013102000,0020130100,0020130100,yes,,,,,,,
899,0013102000,0011000023,1000020013,yes,,,,,,,
900,0013100020,0131000200,0013100020,yes,,,,,,,
901,0013100020,0102000130,2000130100,yes,,,,,,,
902,0013100020,0011002003,0020013100,yes,,,,,,,
903,0010032001,1001003002,0010032001,yes,,,,,,,
904,0010032001,0023001100,0023001100,yes,,,,,,,
905,0010032001,0021301000,1000021300,yes,,,,,,,
906,0201003001,0010201003,0010201003,yes,,,,,,,
907,0201003001,0011020030,0030011020,yes,,,,,,,
908,0201003001,0031000201,0200031001,yes,,,,,,,
909,0100201030,0100300201,0100201030,yes,,,,,,,
910,0100201030,0013010200,0201030100,yes,,,,,,,
911,0100201030,0020103010,0103010020,yes,,,,,,,
912,0011002003,0011003002,0011002003,yes,,,,,,,
913,0011002003,0013100020,0020013100,yes,,,,,,,
914,0011002003,0023001001,1000023001,yes,,,,,,,
915,0102000301,0020101030,0020101030,yes,,,,,,,
916,0102000301,0021010300,0300021010,yes,,,,,,,
917,0102000301,0100301002,0100301002,yes,,,,,,,
918,0001020031,0001302010,0001020031,yes,,,,,,,
919,0001020031,1003002010,1020030001,yes,,,,,,,
920,0001020031,0003001201,0003001201,yes,,,,,,,
921,0000311020,0000201301,0000311020,yes,,,,,,,
922,0000311020,0002011300,0311020000,yes,,,,,,,
923,0000311020,0002010130,0002010130,yes,,,,,,,
924,0003201010,0000100231,0003201010,yes,,,,,,,
925,0003201010,0001010230,1010230000,yes,,,,,,,
926,0003201010,0001010023,0001010023,yes,,,,,,,
927,0001021030,0000302011,0001021030,yes,,,,,,,
928,0001021030,0003012010,1021030000,yes,,,,,,,
929,0001021030,0003010201,0003010201,yes,,,,,,,
930,0001002310,0000130012,0001002310,yes,,,,,,,
931,0001002310,0001320010,1002310000,yes,,,,,,,
932,0001002310,0000001321,0001320001,yes,,,,,,,
933,0002003011,0001100023,0002003011,yes,,,,,,,
934,0002003011,0021001030,1030021000,yes,,,,,,,
935,0002003011,0001031002,0001031002,yes,,,,,,,
936,0003011002,0002001031,0003011002,yes,,,,,,,
937,0003011002,0011032000,0011032000,yes,,,,,,,
938,0003011002,0000012103,0000012103,yes,,,,,,,
939,0001001302,0002030011,0001001302,yes,,,,,,,
940,0001001302,0012000310,0310012000,yes,,,,,,,
941,0001001302,0000312001,0000312001,yes,,,,,,,
942,0001201030,0000300211,0001201030,yes,,,,,,,
943,0001201030,0003010210,1201030000,yes,,,,,,,
944,0001201030,0003010021,0003010021,yes,,,,,,,
945,0001010302,0002031010,0001010302,yes,,,,,,,
946,0001010302,0301012000,0301012000,yes,,,,,,,
947,0001010302,0000302101,0000302101,yes,,,,,,,
948,0013002001,0031001002,0013002001,yes,,,,,,,
949,0013002001,0020031100,0020031100,yes,,,,,,,
950,0013002001,0021001003,1000021003,yes,,,,,,,
951,0031002001,0013001002,0013001002,yes,,,,,,,
952,0031002001,0011300020,0020011300,yes,,,,,,,
953,0031002001,0021003001,2000031001,yes,,,,,,,
954,1002003100,0010010023,0020010013,yes,,,,,,,
955,1002003100,0000130021,0130020001,yes,,,,,,,
956,1002003100,0000010132,0010130002,yes,,,,,,,
957,1003001200,0010020031,0030010021,yes,,,,,,,
958,1003001200,0000210031,0210030001,yes,,,,,,,
959,1003001200,0000010213,0010210003,yes,,,,,,,
960,0102001030,0020100301,0020100301,yes,,,,,,,
961,0102001030,0013010020,2001030100,yes,,,,,,,
962,0102001030,0000103012,0103010002,yes,,,,,,,
963,0000301120,0000210301,0000301120,yes,,,,,,,
964,0000301120,0002110300,0301120000,yes,,,,,,,
965,0000301120,0002110030,0002110030,yes,,,,,,,
966,0002011300,0000031021,0002011300,yes,,,,,,,
967,0002011300,0000311020,0311020000,yes,,,,,,,
968,0002011300,0000310102,0000310102,yes,,,,,,,
969,0002030110,0000113020,0002030110,yes,,,,,,,
970,0002030110,0001103020,1103020000,yes,,,,,,,
971,0002030110,0001100302,0001100302,yes,,,,,,,
972,0032100100,0010123000,0032100100,yes,,,,,,,
973,0032100100,0100120300,0100120300,yes,,,,,,,
974,0032100100,0013000102,0100032100,yes,,,,,,,
975,0012010300,0031021000,0012010300,yes,,,,,,,
976,0012010300,0100301020,0301020100,yes,,,,,,,
977,0012010300,0101000302,0300012010,yes,,,,,,,
978,0203001001,0030201001,0030201001,yes,,,,,,,
979,0203001001,0010031020,0010031020,yes,,,,,,,
980,0203001001,0011000203,0200011003,yes,,,,,,,
981,0020101300,0030102001,0020101300,yes,,,,,,,
982,0020101300,0100200310,0101300020,yes,,,,,,,
983,0020101300,0012000310,1300020100,yes,,,,,,,
984,0030201100,0010203001,0030201100,yes,,,,,,,
985,0030201100,0110200300,0110200300,yes,,,,,,,
986,0030201100,0023000110,1100030200,yes,,,,,,,
987,0010030201,1001023000,0010030201,yes,,,,,,,
988,0010030201,0203001100,0030200011,yes,,,,,,,
989,0010030201,0201301000,0200010031,yes,,,,,,,
990,0003021100,0000012031,0003021100,yes,,,,,,,
991,0003021100,0000112030,0112030000,yes,,,,,,,
992,0003021100,0000110203,0000110203,yes,,,,,,,
993,0001003102,0002010013,0001003102,yes,,,,,,,
994,0001003102,0012000130,0130012000,yes,,,,,,,
995,0001003102,0000132001,0000132001,yes,,,,,,,
996,0100231000,0003200101,0100231000,yes,,,,,,,
997,0100231000,0010013200,0013200010,yes,,,,,,,
998,0100231000,0010320100,0100010320,yes,,,,,,,
999,0000023011,0001102003,0000023011,yes,,,,,,,
1000,0000023011,1001032000,0023010001,yes,,,,,,,
1001,0000023011,0001031200,0001031200,yes,,,,,,,
1002,0001100032,0002300110,0001100032,yes,,,,,,,
1003,0001100032,0112003000,1100030002,yes,,,,,,,
1004,0001100032,0003002011,0003002011,yes,,,,,,,
1005,0000321100,0000012301,0000321100,yes,,,,,,,
1006,0000321100,0000112300,0112300000,yes,,,,,,,
1007,0000321100,0000110230,0000110230,yes,,,,,,,
1008,0011300020,0200311000,0011300020,yes,,,,,,,
1009,0011300020,0102000310,1300020010,yes,,,,,,,
1010,0011300020,0031002001,0020011300,yes,,,,,,,
1011,0100200310,0100130200,0100200310,yes,,,,,,,
1012,0100200310,0011300200,0200310100,yes,,,,,,,
1013,0100200310,0020101300,0101300020,yes,,,,,,,
1014,0102003100,0010020103,0020100013,yes,,,,,,,
1015,0102003100,0010130020,0130020010,yes,,,,,,,
1016,0102003100,0000100132,0100130002,yes,,,,,,,
1017,0003101200,0000020131,0003101200,yes,,,,,,,
1018,0003101200,0000210130,0210130000,yes,,,,,,,
1019,0003101200,0000210013,0000210013,yes,,,,,,,
1020,0032010100,0011023000,0032010100,yes,,,,,,,
1021,0032010100,0101020300,0101020300,yes,,,,,,,
1022,0032010100,0100103002,0100032010,yes,,,,,,,
1023,0010203001,0201001003,0010203001,yes,,,,,,,
1024,0010203001,0030201100,0030201100,yes,,,,,,,
1025,0010203001,0031021000,1000031020,yes,,,,,,,
1026,0000101302,0002030101,0000101302,yes,,,,,,,
1027,0000101302,0102000310,0101300002,yes,,,,,,,
1028,0000101302,0000312010,0000312010,yes,,,,,,,
1029,0001230010,0000103210,0001230010,yes,,,,,,,
1030,0001230010,0001003210,1003210000,yes,,,,,,,
1031,0001230010,0001000321,0001000321,yes,,,,,,,
1032,0110300200,0020301100,0110300200,yes,,,,,,,
1033,0110300200,0110200300,0200300110,yes,,,,,,,
1034,0110300200,0031100200,0200110300,yes,,,,,,,
1035,0000200113,0003110200,0000200113,yes,,,,,,,
1036,0000200113,0203001100,0200110003,yes,,,,,,,
1037,0000200113,0001103020,0001103020,yes,,,,,,,
1038,0031100200,0020113000,0031100200,yes,,,,,,,
1039,0031100200,0110300200,0200110300,yes,,,,,,,
1040,0031100200,0013000201,0200031100,yes,,,,,,,
1041,0001200130,0000310210,0001200130,yes,,,,,,,
1042,0001200130,0003100210,1200130000,yes,,,,,,,
1043,0001200130,0003100021,0003100021,yes,,,,,,,
1044,0000312001,0001001302,0000312001,yes,,,,,,,
1045,0000312001,0021301000,0021301000,yes,,,,,,,
1046,0000312001,0000021130,0000021130,yes,,,,,,,
1047,0001120300,0000032110,0001120300,yes,,,,,,,
1048,0001120300,0000302110,0302110000,yes,,,,,,,
1049,0001120300,0000300211,0000300211,yes,,,,,,,
1050,0031020100,0012013000,0031020100,yes,,,,,,,
1051,0031020100,0102010300,0102010300,yes,,,,,,,
1052,0031020100,0100203001,0100031020,yes,,,,,,,
1053,0020103100,0010102003,0020103100,yes,,,,,,,
1054,0020103100,0100200130,0103100020,yes,,,,,,,
1055,0020103100,0012000130,2000130010,yes,,,,,,,
1056,0000310120,0000211300,0000310120,yes,,,,,,,
1057,0000310120,0002101300,0310120000,yes,,,,,,,
1058,0000310120,0002100130,0002100130,yes,,,,,,,
1059,0001100203,0003020110,0001100203,yes,,,,,,,
1060,0001100203,0113000200,0200113000,yes,,,,,,,
1061,0001100203,0000203011,0000203011,yes,,,,,,,
1062,0000123100,0000012103,0000123100,yes,,,,,,,
1063,0000123100,0000132100,0123100000,yes,,,,,,,
1064,0000123100,0000130210,0000130210,yes,,,,,,,
1065,0003001120,0000210031,0003001120,yes,,,,,,,
1066,0003001120,0002110030,2110030000,yes,,,,,,,
1067,0003001120,0000002113,0002110003,yes,,,,,,,
1068,1003002100,0010010032,0030010012,yes,,,,,,,
1069,1003002100,0000120031,0120030001,yes,,,,,,,
1070,1003002100,0000010123,0010120003,yes,,,,,,,
1071,0003201100,0000010231,0003201100,yes,,,,,,,
1072,0003201100,0000110230,0110230000,yes,,,,,,,
1073,0003201100,0000110023,0000110023,yes,,,,,,,
1074,0010230100,0013201000,0010230100,yes,,,,,,,
1075,0010230100,0100103200,0103200100,yes,,,,,,,
1076,0010230100,0100321000,0100010230,yes,,,,,,,
1077,0132001000,0000023101,0023100001,yes,,,,,,,
1078,0132001000,0010020310,0010020310,yes,,,,,,,
1079,0132001000,0003100012,1000132000,yes,,,,,,,
1080,0201103000,0000110203,0110200003,yes,,,,,,,
1081,0201103000,0020030110,0030110020,yes,,,,,,,
1082,0201103000,0010200031,0200030011,yes,,,,,,,
1083,0000032011,0001103002,0000032011,yes,,,,,,,
1084,0000032011,1001023000,0032010001,yes,,,,,,,
1085,0000032011,0001021300,0001021300,yes,,,,,,,
1086,0002300011,0001100320,0002300011,yes,,,,,,,
1087,0002300011,0321001000,1000321000,yes,,,,,,,
1088,0002300011,0001001032,0001001032,yes,,,,,,,
1089,0000131200,0000023101,0000131200,yes,,,,,,,
1090,0000131200,0000213100,0131200000,yes,,,,,,,
1091,0000131200,0000210310,0000210310,yes,,,,,,,
1092,0020100310,0102000130,0020100310,yes,,,,,,,
1093,0020100310,0100201300,0100310020,yes,,,,,,,
1094,0020100310,0012001300,0310020100,yes,,,,,,,
1095,0102100300,0030120100,0102100300,yes,,,,,,,
1096,0102100300,0010300120,0300120010,yes,,,,,,,
1097,0102100300,0010100302,0100300012,yes,,,,,,,
1098,0003101020,0000200131,0003101020,yes,,,,,,,
1099,0003101020,0002010130,2010130000,yes,,,,,,,
1100,0003101020,0002010013,0002010013,yes,,,,,,,
1101,0103001020,0030100201,0030100201,yes,,,,,,,
1102,0103001020,0012010030,2010030010,yes,,,,,,,
1103,0103001020,0000102013,0102010003,yes,,,,,,,
1104,1013002000,0000031012,0031010002,yes,,,,,,,
1105,1013002000,0020030101,0020030101,yes,,,,,,,
1106,1013002000,0001010023,1010020003,yes,,,,,,,
1107,0101023000,0002010103,0101023000,yes,,,,,,,
1108,0101023000,0010032010,0032010010,yes,,,,,,,
1109,0101023000,0030200101,0100030201,yes,,,,,,,
1110,0201001030,0010200301,0010200301,yes,,,,,,,
1111,0201001030,0010023010,1001030200,yes,,,,,,,
1112,0201001030,0000203011,0203010001,yes,,,,,,,
1113,0011020300,0032011000,0011020300,yes,,,,,,,
1114,0011020300,0100302010,0302010100,yes,,,,,,,
1115,0011020300,0201000301,0300011020,yes,,,,,,,
1116,0201001300,0010200031,0010200031,yes,,,,,,,
1117,0201001300,0010020310,0310010020,yes,,,,,,,
1118,0201001300,0000200311,0200310001,yes,,,,,,,
1119,0000013120,0000211003,0000013120,yes,,,,,,,
1120,0000013120,0002131000,0013120000,yes,,,,,,,
1121,0000013120,0002130100,0002130100,yes,,,,,,,
1122,1003002001,0011000032,0030011002,yes,,,,,,,
1123,1003002001,0020031001,0020031001,yes,,,,,,,
1124,1003002001,0010021003,0010021003,yes,,,,,,,
1125,0110200300,0030201100,0110200300,yes,,,,,,,
1126,0110200300,0110300200,0200300110,yes,,,,,,,
1127,0110200300,0021100300,0300110200,yes,,,,,,,
1128,0001300021,0001200310,0001300021,yes,,,,,,,
1129,0001300021,0311002000,1300020001,yes,,,,,,,
1130,0001300021,0002001031,0002001031,yes,,,,,,,
1131,0021103000,0000112003,0021103000,yes,,,,,,,
1132,0021103000,0030110200,0030110200,yes,,,,,,,
1133,0021103000,0012000031,2000030011,yes,,,,,,,
1134,0031012000,0001013002,0031012000,yes,,,,,,,
1135,0031012000,0021010300,0021010300,yes,,,,,,,
1136,0031012000,0020103001,2000031010,yes,,,,,,,
1137,1102003000,0000020113,0020110003,yes,,,,,,,
1138,1102003000,0010030021,0030020011,yes,,,,,,,
1139,1102003000,0000110032,0110030002,yes,,,,,,,
1140,0002310010,0000101320,0002310010,yes,,,,,,,
1141,0002310010,0001001320,1001320000,yes,,,,,,,
1142,0002310010,0001000132,0001000132,yes,,,,,,,
1143,0030210100,0011203000,0030210100,yes,,,,,,,
1144,0030210100,0101200300,0101200300,yes,,,,,,,
1145,0030210100,0100123000,0100030210,yes,,,,,,,
1146,0032000101,0023001010,0023001010,yes,,,,,,,
1147,0032000101,0021300100,0100021300,yes,,,,,,,
1148,0032000101,0101003002,0100032001,yes,,,,,,,
1149,0010103200,0020101003,0010103200,yes,,,,,,,
1150,0010103200,0100100230,0103200010,yes,,,,,,,
1151,0010103200,0011000230,1000230010,yes,,,,,,,
1152,0010012003,1001003002,0010012003,no,,,,,,,
1153,0010012003,0021003100,0012000013,yes,,,,,,,
1154,0010012003,0023101000,1000023100,yes,,,,,,,
1155,0101002003,0010103002,0010103002,yes,,,,,,,
1156,0101002003,0013010020,0020013010,yes,,,,,,,
1157,0101002003,0023000101,0100023001,yes,,,,,,,
1158,0030102001,0103001002,0030102001,yes,,,,,,,
1159,0030102001,0020101300,0020101300,yes,,,,,,,
1160,0030102001,0021013000,2000030101,yes,,,,,,,
1161,0002301010,0000100321,0002301010,yes,,,,,,,
1162,0002301010,0001010320,1010320000,yes,,,,,,,
1163,0002301010,0001010032,0001010032,yes,,,,,,,
1164,0031000201,0013001020,0013001020,yes,,,,,,,
1165,0031000201,0011300200,0200011300,yes,,,,,,,
1166,0031000201,0201003001,0200031001,yes,,,,,,,
1167,0023000110,0032000110,0023000110,yes,,,,,,,
1168,0023000110,0030201100,1100030200,yes,,,,,,,
1169,0023000110,0002001103,0110023000,yes,,,,,,,
1170,0100301200,0020300101,0100301200,yes,,,,,,,
1171,0100301200,0010210300,0210300010,yes,,,,,,,
1172,0100301200,0030100210,0100210030,yes,,,,,,,
1173,0020311000,0001302001,0020311000,yes,,,,,,,
1174,0020311000,0011300200,0011300200,yes,,,,,,,
1175,0020311000,0010132000,1000020310,yes,,,,,,,
1176,0000213010,0000101203,0000213010,yes,,,,,,,
1177,0000213010,0001031200,0213010000,yes,,,,,,,
1178,0000213010,0001030120,0001030120,yes,,,,,,,
1179,0012301000,0000321001,0012301000,yes,,,,,,,
1180,0012301000,0010320100,0010320100,yes,,,,,,,
1181,0012301000,0010031002,1000010032,yes,,,,,,,
1182,0000120031,0001302100,0000120031,yes,,,,,,,
1183,0000120031,1003002100,0120030001,yes,,,,,,,
1184,0000120031,0003001210,0003001210,yes,,,,,,,
1185,0002103010,0000100123,0002103010,yes,,,,,,,
1186,0002103010,0001030120,1030120000,yes,,,,,,,
1187,0002103010,0001030012,0001030012,yes,,,,,,,
1188,0003200110,0000110230,0003200110,yes,,,,,,,
1189,0003200110,0001100230,1100230000,yes,,,,,,,
1190,0003200110,0001100023,0001100023,yes,,,,,,,
1191,0013201000,0000231001,0013201000,yes,,,,,,,
1192,0013201000,0010230100,0010230100,yes,,,,,,,
1193,0013201000,0010021003,1000010023,yes,,,,,,,
1194,0021000310,0012000130,0012000130,yes,,,,,,,
1195,0021000310,0010201300,1000310020,yes,,,,,,,
1196,0021000310,0002001301,0310021000,yes,,,,,,,
1197,0031021000,0002013001,0031021000,yes,,,,,,,
1198,0031021000,0012010300,0012010300,yes,,,,,,,
1199,0031021000,0010203001,1000031020,yes,,,,,,,
1200,0010021030,0302001001,0010021030,yes,,,,,,,
1201,0010021030,0103012000,0021030010,yes,,,,,,,
1202,0010021030,0201003010,1003010200,yes,,,,,,,
1203,0000031021,0001203001,0000031021,yes,,,,,,,
1204,0000031021,1002013000,0031020001,yes,,,,,,,
1205,0000031021,0002011300,0002011300,yes,,,,,,,
1206,0003200011,0001100230,0003200011,yes,,,,,,,
1207,0003200011,0231001000,1000231000,yes,,,,,,,
1208,0003200011,0001001023,0001001023,yes,,,,,,,
1209,0000002311,0000001132,0000001132,no,,,,,,,
1210,0000002311,0001001320,0002310001,yes,,,,,,,
1211,0000002311,0001321000,0001321000,yes,,,,,,,
1212,0013020100,0012031000,0013020100,yes,,,,,,,
1213,0013020100,0100102030,0102030100,yes,,,,,,,
1214,0013020100,0100201003,0100013020,yes,,,,,,,
1215,0001000123,0003210010,0001000123,yes,,,,,,,
1216,0001000123,0013002100,1000120003,yes,,,,,,,
1217,0001000123,0002103001,0002103001,yes,,,,,,,
1218,0001300120,0000210310,0001300120,yes,,,,,,,
1219,0001300120,0002100310,1300120000,yes,,,,,,,
1220,0001300120,0002100031,0002100031,yes,,,,,,,
1221,0000201130,0000310201,0000201130,yes,,,,,,,
1222,0000201130,0003110200,0201130000,yes,,,,,,,
1223,0000201130,0003110020,0003110020,yes,,,,,,,
1224,0001312000,0000001312,0001312000,yes,,,,,,,
1225,0001312000,0000021310,0021310000,yes,,,,,,,
1226,0001312000,0000020131,0000020131,yes,,,,,,,
1227,0000201031,0001300201,0000201031,yes,,,,,,,
1228,0000201031,0201003010,0201030001,yes,,,,,,,
1229,0000201031,0003011020,0003011020,yes,,,,,,,
1230,1002001300,0010030021,0020010031,yes,,,,,,,
1231,1002001300,0000310021,0310020001,yes,,,,,,,
1232,1002001300,0000010312,0010310002,yes,,,,,,,
1233,0001010230,0000321010,0001010230,yes,,,,,,,
1234,0001010230,0003201010,1010230000,yes,,,,,,,
1235,0001010230,0003200101,0003200101,yes,,,,,,,
1236,0201031000,0003010201,0201031000,yes,,,,,,,
1237,0201031000,0013010020,0013010020,yes,,,,,,,
1238,0201031000,0010300201,0200010301,yes,,,,,,,
1239,0000113200,0000021103,0000113200,yes,,,,,,,
1240,0000113200,0000231100,0113200000,yes,,,,,,,
1241,0000113200,0000230110,0000230110,yes,,,,,,,
1242,0000302101,0001010302,0000302101,yes,,,,,,,
1243,0000302101,0120301000,0120301000,yes,,,,,,,
1244,0000302101,0000121030,0000121030,yes,,,,,,,
1245,0103102000,0000130102,0103102000,yes,,,,,,,
1246,0103102000,0010020130,0020130010,yes,,,,,,,
1247,0103102000,0010100023,0100020013,yes,,,,,,,
1248,0103012000,0001030102,0103012000,yes,,,,,,,
1249,0103012000,0010021030,0021030010,yes,,,,,,,
1250,0103012000,0020100103,0100020103,yes,,,,,,,
1251,0032001001,0023001001,0023001001,yes,,,,,,,
1252,0032001001,0010021300,0010021300,yes,,,,,,,
1253,0032001001,0011003002,1000032001,yes,,,,,,,
1254,1001002030,0010010302,0010010302,no,,,,,,,
1255,1001002030,0003020011,1002031000,yes,,,,,,,
1256,1001002030,0000013021,0013020001,yes,,,,,,,
1257,0200301100,0010300201,0200301100,yes,,,,,,,
1258,0200301100,0020110300,0110300020,yes,,,,,,,
1259,0200301100,0030200110,0200110030,yes,,,,,,,
1260,0000231100,0000013201,0000231100,yes,,,,,,,
1261,0000231100,0000113200,0113200000,yes,,,,,,,
1262,0000231100,0000110320,0000110320,yes,,,,,,,
1263,0011203000,0000211003,0011203000,yes,,,,,,,
1264,0011203000,0030210100,0030210100,yes,,,,,,,
1265,0011203000,0021000031,1000030021,yes,,,,,,,
1266,0000011320,0000231001,0000011320,yes,,,,,,,
1267,0000011320,0002311000,0011320000,yes,,,,,,,
1268,0000011320,0002310100,0002310100,yes,,,,,,,
1269,0030102100,0010103002,0030102100,yes,,,,,,,
1270,0030102100,0100300120,0102100030,yes,,,,,,,
1271,0030102100,0013000120,2100030100,yes,,,,,,,
1272,0002010130,0000311020,0002010130,yes,,,,,,,
1273,0002010130,0003101020,2010130000,yes,,,,,,,
1274,0002010130,0003100102,0003100102,yes,,,,,,,
1275,0201001003,0010203001,0010203001,yes,,,,,,,
1276,0201001003,0010013020,0010013020,no,,,,,,,
1277,0201001003,0013000201,0200013001,yes,,,,,,,
1278,0003112000,0000001132,0003112000,yes,,,,,,,
1279,0003112000,0000021130,0021130000,yes,,,,,,,
1280,0003112000,0000020113,0000020113,yes,,,,,,,
1281,0103000210,0030100120,0030100120,yes,,,,,,,
1282,0103000210,0011200030,1200030010,yes,,,,,,,
1283,0103000210,0000101203,0101200003,yes,,,,,,,
1284,0011023000,0002011003,0011023000,yes,,,,,,,
1285,0011023000,0032010100,0032010100,yes,,,,,,,
1286,0011023000,0030201001,1000030201,yes,,,,,,,
1287,0031201000,0000213001,0031201000,yes,,,,,,,
1288,0031201000,0010210300,0010210300,yes,,,,,,,
1289,0031201000,0010023001,1000031200,yes,,,,,,,
1290,0001031200,0000023011,0001031200,yes,,,,,,,
1291,0001031200,0000213010,0213010000,yes,,,,,,,
1292,0001031200,0000210301,0000210301,yes,,,,,,,
1293,0002001130,0000310021,0002001130,yes,,,,,,,
1294,0002001130,0003110020,2001130000,yes,,,,,,,
1295,0002001130,0000003112,0003110002,yes,,,,,,,
1296,0000311200,0000021301,0000311200,yes,,,,,,,
1297,0000311200,0000211300,0211300000,yes,,,,,,,
1298,0000311200,0000210130,0000210130,yes,,,,,,,
1299,0010100023,0101003200,0010100023,yes,,,,,,,
1300,0010100023,0103102000,0100020013,yes,,,,,,,
1301,0010100023,1002003010,0020010103,yes,,,,,,,
1302,0302001001,0020301001,0020301001,yes,,,,,,,
1303,0302001001,0010021030,0010021030,yes,,,,,,,
1304,0302001001,0011000302,0300011002,yes,,,,,,,
1305,0002100130,0000310120,0002100130,yes,,,,,,,
1306,0002100130,0003100120,2100130000,yes,,,,,,,
1307,0002100130,0003100012,0003100012,yes,,,,,,,
1308,0100302100,0010300102,0100302100,yes,,,,,,,
1309,0100302100,0010120300,0120300010,yes,,,,,,,
1310,0100302100,0030100120,0100120030,yes,,,,,,,
1311,0010031020,0203001001,0010031020,yes,,,,,,,
1312,0010031020,0102013000,0031020010,yes,,,,,,,
1313,0010031020,0301002010,1002010300,yes,,,,,,,
1314,0103001200,0020030101,0030100021,yes,,,,,,,
1315,0103001200,0010210030,0210030010,yes,,,,,,,
1316,0103001200,0000100213,0100210003,yes,,,,,,,
1317,0200301001,0201000301,0200301001,yes,,,,,,,
1318,0200301001,0010301020,0010301020,yes,,,,,,,
1319,0200301001,0011030200,0200011030,yes,,,,,,,
1320,1001002003,0010013002,0010013002,no,,,,,,,
1321,1001002003,0013000021,0020013001,yes,,,,,,,
1322,1001002003,0010023001,0010023001,yes,,,,,,,
1323,0000230110,0000113200,0000230110,yes,,,,,,,
1324,0000230110,0001103200,0230110000,yes,,,,,,,
1325,0000230110,0001100320,0001100320,yes,,,,,,,
1326,0201013000,0001010203,0201013000,yes,,,,,,,
1327,0201013000,0020031010,0031010020,yes,,,,,,,
1328,0201013000,0030100201,0200030101,yes,,,,,,,
1329,0012000031,0021001300,0012000031,yes,,,,,,,
1330,0012000031,0021103000,2000030011,yes,,,,,,,
1331,0012000031,1001003002,0030012001,yes,,,,,,,
1332,0011003200,0011000023,0011000023,yes,,,,,,,
1333,0011003200,0010100230,0230010100,yes,,,,,,,
1334,0011003200,0001000231,1000230001,yes,,,,,,,
1335,0020101003,0102003001,0020101003,yes,,,,,,,
1336,0020101003,0010103200,0010103200,yes,,,,,,,
1337,0020101003,0013012000,1000020103,yes,,,,,,,
1338,0000021130,0000312001,0000021130,yes,,,,,,,
1339,0000021130,0003112000,0021130000,yes,,,,,,,
1340,0000021130,0003110200,0003110200,yes,,,,,,,
1341,0001000321,0001230010,0001000321,yes,,,,,,,
1342,0001000321,0011002300,1000320001,yes,,,,,,,
1343,0001000321,0002301001,0002301001,yes,,,,,,,
1344,1001003200,0010010023,0010010023,no,,,,,,,
1345,1001003200,0000230011,0230010001,yes,,,,,,,
1346,1001003200,0000010231,0010230001,yes,,,,,,,
1347,0010130020,0203101000,0010130020,yes,,,,,,,
1348,0010130020,0102003100,0130020010,yes,,,,,,,
1349,0010130020,0311002000,0020010130,yes,,,,,,,
1350,0010120030,0302101000,0010120030,yes,,,,,,,
1351,0010120030,0103002100,0120030010,yes,,,,,,,
1352,0010120030,0211003000,0030010120,yes,,,,,,,
1353,0000130102,0002013100,0000130102,yes,,,,,,,
1354,0000130102,0103102000,0103102000,yes,,,,,,,
1355,0000130102,0000102310,0000102310,yes,,,,,,,
1356,0000201301,0001030201,0000201301,yes,,,,,,,
1357,0000201301,0201000310,0201300001,yes,,,,,,,
1358,0000201301,0000311020,0000311020,yes,,,,,,,
1359,0112000300,0021100030,0021100030,yes,,,,,,,
1360,0112000300,0020110300,0300020110,yes,,,,,,,
1361,0112000300,0001100302,0300112000,yes,,,,,,,
1362,0131002000,0000013102,0013100002,yes,,,,,,,
1363,0131002000,0010310020,0020010310,yes,,,,,,,
1364,0131002000,0003100021,2000131000,yes,,,,,,,
1365,0000001213,0000003121,0000001213,no,,,,,,,
1366,0000001213,0003001210,0001210003,yes,,,,,,,
1367,0000001213,0001213000,0001213000,yes,,,,,,,
1368,0010010302,1001002030,0010010302,no,,,,,,,
1369,0010010302,0301002100,0010300012,yes,,,,,,,
1370,0010010302,0302101000,0300010012,yes,,,,,,,
1371,0001200031,0001300210,0001200031,yes,,,,,,,
1372,0001200031,0211003000,1200030001,yes,,,,,,,
1373,0001200031,0003001021,0003001021,yes,,,,,,,
1374,0010312000,0001301002,0010312000,yes,,,,,,,
1375,0010312000,0021300100,0021300100,yes,,,,,,,
1376,0010312000,0020131000,1000020130,yes,,,,,,,
1377,0012003010,0021000103,0012003010,yes,,,,,,,
1378,0012003010,0020101030,1030020100,yes,,,,,,,
1379,0012003010,0001001032,1001030002,yes,,,,,,,
1380,0000132001,0001003102,0000132001,yes,,,,,,,
1381,0000132001,0023101000,0023101000,yes,,,,,,,
1382,0000132001,0000021310,0000021310,yes,,,,,,,
1383,0000030211,0001123000,0000030211,yes,,,,,,,
1384,0000030211,1001203000,0030210001,yes,,,,,,,
1385,0000030211,0001201300,0001201300,yes,,,,,,,
1386,0000032110,0000113002,0000032110,yes,,,,,,,
1387,0000032110,0001123000,0032110000,yes,,,,,,,
1388,0000032110,0001120300,0001120300,yes,,,,,,,
1389,0100300120,0100210300,0100300120,yes,,,,,,,
1390,0100300120,0012100300,0300120100,yes,,,,,,,
1391,0100300120,0030102100,0102100030,yes,,,,,,,
1392,0103100200,0020130100,0103100200,yes,,,,,,,
1393,0103100200,0010200130,0200130010,yes,,,,,,,
1394,0103100200,0010100203,0100200013,yes,,,,,,,
1395,0010010320,0231001000,0010010320,no,,,,,,,
1396,0010010320,0102301000,0010320010,yes,,,,,,,
1397,0010010320,0101002300,0320010010,yes,,,,,,,
1398,0012003001,0021001003,0012003001,yes,,,,,,,
1399,0012003001,0021100030,0030021100,yes,,,,,,,
1400,0012003001,0031001002,1000031002,yes,,,,,,,
1401,0001301020,0000200311,0001301020,yes,,,,,,,
1402,0001301020,0002010310,1301020000,yes,,,,,,,
1403,0001301020,0002010031,0002010031,yes,,,,,,,
1404,0010300102,0301002010,0010300102,yes,,,,,,,
1405,0010300102,0100302100,0100302100,yes,,,,,,,
1406,0010300102,0102031000,0100010302,yes,,,,,,,
1407,0000201103,0003010201,0000201103,yes,,,,,,,
1408,0000201103,0110203000,0110203000,yes,,,,,,,
1409,0000201103,0000113020,0000113020,yes,,,,,,,
1410,0001300201,0001020310,0001300201,yes,,,,,,,
1411,0001300201,0200311000,0200311000,yes,,,,,,,
1412,0001300201,0000201031,0000201031,yes,,,,,,,
1413,0003201001,0001000231,0003201001,yes,,,,,,,
1414,0003201001,0010231000,0010231000,yes,,,,,,,
1415,0003201001,0000011023,0000011023,yes,,,,,,,
1416,0031000102,0013002010,0013002010,yes,,,,,,,
1417,0031000102,0012300100,0100012300,yes,,,,,,,
1418,0031000102,0102003001,0100031002,yes,,,,,,,
1419,0003002101,0001010032,0003002101,yes,,,,,,,
1420,0003002101,0031000120,0120031000,yes,,,,,,,
1421,0003002101,0000121003,0000121003,yes,,,,,,,
1422,0101302000,0000310102,0101302000,yes,,,,,,,
1423,0101302000,0010020310,0020310010,yes,,,,,,,
1424,0101302000,0020030101,0100020031,yes,,,,,,,
1425,0001100302,0002030110,0001100302,yes,,,,,,,
1426,0001100302,0112000300,0300112000,yes,,,,,,,
1427,0001100302,0000302011,0000302011,yes,,,,,,,
1428,0001001230,0000320011,0001001230,yes,,,,,,,
1429,0001001230,0003210010,1001230000,yes,,,,,,,
1430,0001001230,0000003211,0003210001,yes,,,,,,,
1431,0121003000,0000012103,0012100003,yes,,,,,,,
1432,0121003000,0010210030,0030010210,yes,,,,,,,
1433,0121003000,0002100031,2100030001,yes,,,,,,,
1434,0002110300,0000031120,0002110300,yes,,,,,,,
1435,0002110300,0000301120,0301120000,yes,,,,,,,
1436,0002110300,0000300112,0000300112,yes,,,,,,,
1437,0002001031,0001300021,0002001031,yes,,,,,,,
1438,0002001031,0021003010,2001030001,yes,,,,,,,
1439,0002001031,0003011002,0003011002,yes,,,,,,,
1440,0020300110,0110302000,0020300110,yes,,,,,,,
1441,0020300110,0201100300,0300110020,yes,,,,,,,
1442,0020300110,0032001100,0110020300,yes,,,,,,,
1443,0000320011,0001102300,0000320011,yes,,,,,,,
1444,0000320011,1001002300,0320010001,yes,,,,,,,
1445,0000320011,0001001230,0001001230,yes,,,,,,,
1446,0010210300,0031201000,0010210300,yes,,,,,,,
1447,0010210300,0100301200,0210300010,yes,,,,,,,
1448,0010210300,0121000300,0300010210,yes,,,,,,,
1449,1001003002,0010012003,0010012003,no,,,,,,,
1450,1001003002,0012000031,0030012001,yes,,,,,,,
1451,1001003002,0010032001,0010032001,yes,,,,,,,
1452,0000021103,0003012001,0000021103,yes,,,,,,,
1453,0000021103,0112003000,0021100003,yes,,,,,,,
1454,0000021103,0000113200,0000113200,yes,,,,,,,
1455,0010300120,0210301000,0010300120,yes,,,,,,,
1456,0010300120,0102100300,0300120010,yes,,,,,,,
1457,0010300120,0031002100,0120010300,yes,,,,,,,
1458,0102003001,0020101003,0020101003,yes,,,,,,,
1459,0102003001,0021010030,0030021010,yes,,,,,,,
1460,0102003001,0031000102,0100031002,yes,,,,,,,
1461,0000020113,0003112000,0000020113,yes,,,,,,,
1462,0000020113,1102003000,0020110003,yes,,,,,,,
1463,0000020113,0001103200,0001103200,yes,,,,,,,
1464,0213001000,0000031201,0031200001,yes,,,,,,,
1465,0213001000,0010030120,0010030120,yes,,,,,,,
1466,0213001000,0001200013,1000213000,yes,,,,,,,
1467,0000310021,0001201300,0000310021,yes,,,,,,,
1468,0000310021,1002001300,0310020001,yes,,,,,,,
1469,0000310021,0002001130,0002001130,yes,,,,,,,
1470,0000011230,0000321001,0000011230,yes,,,,,,,
1471,0000011230,0003211000,0011230000,yes,,,,,,,
1472,0000011230,0003210100,0003210100,yes,,,,,,,
1473,0100302001,0101000302,0100302001,yes,,,,,,,
1474,0100302001,0020301010,0020301010,yes,,,,,,,
1475,0100302001,0021030100,0100021030,yes,,,,,,,
1476,0010102003,0101003002,0010102003,yes,,,,,,,
1477,0010102003,0020103100,0020103100,yes,,,,,,,
1478,0010102003,0023011000,1000023010,yes,,,,,,,
1479,0102001003,0020103001,0020103001,yes,,,,,,,
1480,0102001003,0010023010,0010023010,yes,,,,,,,
1481,0102001003,0013000102,0100013002,yes,,,,,,,
1482,0000110023,0003201100,0000110023,yes,,,,,,,
1483,0000110023,1103002000,0110020003,yes,,,,,,,
1484,0000110023,0002003110,0002003110,yes,,,,,,,
1485,0101300200,0020310100,0101300200,yes,,,,,,,
1486,0101300200,0010200310,0200310010,yes,,,,,,,
1487,0101300200,0030100201,0100200031,yes,,,,,,,
1488,0002300110,0000110320,0002300110,yes,,,,,,,
1489,0002300110,0001100320,1100320000,yes,,,,,,,
1490,0002300110,0001100032,0001100032,yes,,,,,,,
1491,0321001000,0000012301,0012300001,yes,,,,,,,
1492,0321001000,0010010230,0010010230,no,,,,,,,
1493,0321001000,0002300011,1000321000,yes,,,,,,,
1494,0003100021,0001200130,0003100021,yes,,,,,,,
1495,0003100021,0131002000,2000131000,yes,,,,,,,
1496,0003100021,0002001013,0002001013,yes,,,,,,,
1497,0002000113,0003110020,0002000113,yes,,,,,,,
1498,0002000113,0023001100,1100023000,yes,,,,,,,
1499,0002000113,0001103002,0001103002,yes,,,,,,,
1500,0003200101,0001010230,0003200101,yes,,,,,,,
1501,0003200101,0100231000,0100231000,yes,,,,,,,
1502,0003200101,0000101023,0000101023,yes,,,,,,,
1503,0001203010,0000100213,0001203010,yes,,,,,,,
1504,0001203010,0001030210,1030210000,yes,,,,,,,
1505,0001203010,0001030021,0001030021,yes,,,,,,,
1506,0000010123,0003211000,0000010123,yes,,,,,,,
1507,0000010123,1003002100,0010120003,yes,,,,,,,
1508,0000010123,0002103100,0002103100,yes,,,,,,,
1509,0002301001,0001000321,0002301001,yes,,,,,,,
1510,0002301001,0010321000,0010321000,yes,,,,,,,
1511,0002301001,0000011032,0000011032,yes,,,,,,,
1512,0000211030,0000301201,0000211030,yes,,,,,,,
1513,0000211030,0003011200,0211030000,yes,,,,,,,
1514,0000211030,0003010120,0003010120,yes,,,,,,,
1515,0021003100,0010012003,0012000013,yes,,,,,,,
1516,0021003100,0010200130,0130010200,yes,,,,,,,
1517,0021003100,0002000131,2000130001,yes,,,,,,,
1518,0013000021,0031001200,0013000021,yes,,,,,,,
1519,0013000021,0031102000,2000031100,yes,,,,,,,
1520,0013000021,1001002003,0020013001,yes,,,,,,,
1521,0000011023,0003201001,0000011023,yes,,,,,,,
1522,0000011023,1003002010,0011020003,yes,,,,,,,
1523,0000011023,0002013100,0002013100,yes,,,,,,,
1524,0003100210,0000120130,0003100210,yes,,,,,,,
1525,0003100210,0001200130,1200130000,yes,,,,,,,
1526,0003100210,0001200013,0001200013,yes,,,,,,,
1527,0020131000,0003102001,0020131000,yes,,,,,,,
1528,0020131000,0013100200,0013100200,yes,,,,,,,
1529,0020131000,0010312000,1000020130,yes,,,,,,,
1530,0020110030,0301102000,0020110030,yes,,,,,,,
1531,0020110030,0203001100,0110030020,yes,,,,,,,
1532,0020110030,0112003000,0030020110,yes,,,,,,,
1533,0000210031,0001301200,0000210031,yes,,,,,,,
1534,0000210031,1003001200,0210030001,yes,,,,,,,
1535,0000210031,0003001120,0003001120,yes,,,,,,,
1536,0301002100,0010010302,0010300012,yes,,,,,,,
1537,0301002100,0010030120,0120010030,yes,,,,,,,
1538,0301002100,0000300121,0300120001,yes,,,,,,,
1539,0002100031,0001300120,0002100031,yes,,,,,,,
1540,0002100031,0121003000,2100030001,yes,,,,,,,
1541,0002100031,0003001012,0003001012,yes,,,,,,,
1542,0000100213,0003120100,0000100213,yes,,,,,,,
1543,0000100213,0103001200,0100210003,yes,,,,,,,
1544,0000100213,0001203010,0001203010,yes,,,,,,,
1545,0101000302,0010102030,0010102030,yes,,,,,,,
1546,0101000302,0012010300,0300012010,yes,,,,,,,
1547,0101000302,0100302001,0100302001,yes,,,,,,,
1548,0010123000,0002101003,0010123000,yes,,,,,,,
1549,0010123000,0032100100,0032100100,yes,,,,,,,
1550,0010123000,0030211000,1000030210,yes,,,,,,,
1551,0031200100,0010213000,0031200100,yes,,,,,,,
1552,0031200100,0100210300,0100210300,yes,,,,,,,
1553,0031200100,0023000101,0100031200,yes,,,,,,,
1554,0001023010,0000102013,0001023010,yes,,,,,,,
1555,0001023010,0001032010,1023010000,yes,,,,,,,
1556,0001023010,0001030201,0001030201,yes,,,,,,,
1557,0010100230,0101000320,0010100230,yes,,,,,,,
1558,0010100230,0100103200,0100230010,yes,,,,,,,
1559,0010100230,0011003200,0230010100,yes,,,,,,,
1560,0301021000,0002010301,0301021000,yes,,,,,,,
1561,0301021000,0012010030,0012010030,yes,,,,,,,
1562,0301021000,0010200301,0300010201,yes,,,,,,,
1563,0010200031,0201001300,0010200031,yes,,,,,,,
1564,0010200031,0201103000,0200030011,yes,,,,,,,
1565,0010200031,1003001020,0030010201,yes,,,,,,,
1566,0001010023,0003201010,0001010023,yes,,,,,,,
1567,0001010023,1013002000,1010020003,yes,,,,,,,
1568,0001010023,0002003101,0002003101,yes,,,,,,,
1569,0003110200,0000021130,0003110200,yes,,,,,,,
1570,0003110200,0000201130,0201130000,yes,,,,,,,
1571,0003110200,0000200113,0000200113,yes,,,,,,,
1572,0020301001,0302001001,0020301001,yes,,,,,,,
1573,0020301001,0010301200,0010301200,yes,,,,,,,
1574,0020301001,0011032000,1000020301,yes,,,,,,,
1575,0031001200,0013000021,0013000021,yes,,,,,,,
1576,0031001200,0010300210,0210010300,yes,,,,,,,
1577,0031001200,0003000211,1200031000,yes,,,,,,,
1578,0203011000,0001030201,0203011000,yes,,,,,,,
1579,0203011000,0011030020,0011030020,yes,,,,,,,
1580,0203011000,0010100203,0200010103,yes,,,,,,,
1581,0000131002,0002003101,0000131002,yes,,,,,,,
1582,0000131002,0013102000,0013102000,yes,,,,,,,
1583,0000131002,0000012310,0000012310,yes,,,,,,,
1584,0021031000,0003012001,0021031000,yes,,,,,,,
1585,0021031000,0013010200,0013010200,yes,,,,,,,
1586,0021031000,0010302001,1000021030,yes,,,,,,,
1587,0021010300,0031012000,0021010300,yes,,,,,,,
1588,0021010300,0200301010,0301010200,yes,,,,,,,
1589,0021010300,0102000301,0300021010,yes,,,,,,,
1590,0001010203,0003021010,0001010203,yes,,,,,,,
1591,0001010203,0201013000,0201013000,yes,,,,,,,
1592,0001010203,0000203101,0000203101,yes,,,,,,,
1593,0100102030,0100100302,0100100302,no,,,,,,,
1594,0100102030,0013020100,0102030100,yes,,,,,,,
1595,0100102030,0010103020,0103020010,yes,,,,,,,
1596,0011032000,0003011002,0011032000,yes,,,,,,,
1597,0011032000,0023010100,0023010100,yes,,,,,,,
1598,0011032000,0020301001,1000020301,yes,,,,,,,
1599,0003020011,0001102030,0003020011,yes,,,,,,,
1600,0003020011,1001002030,1002031000,yes,,,,,,,
1601,0003020011,0001001203,0001001203,yes,,,,,,,
1602,0000231001,0001003201,0000231001,yes,,,,,,,
1603,0000231001,0013201000,0013201000,yes,,,,,,,
1604,0000231001,0000011320,0000011320,yes,,,,,,,
1605,0211000300,0011200030,0011200030,yes,,,,,,,
1606,0211000300,0010120300,0300010120,yes,,,,,,,
1607,0211000300,0001200301,0300211000,yes,,,,,,,
1608,0003000211,0001120030,0003000211,yes,,,,,,,
1609,0003000211,0031001200,1200031000,yes,,,,,,,
1610,0003000211,0001201003,0001201003,yes,,,,,,,
1611,0010203100,0010201003,0010203100,yes,,,,,,,
1612,0010203100,0100130200,0130200100,yes,,,,,,,
1613,0010203100,0021000130,1000130020,yes,,,,,,,
1614,0021000031,0012001300,0012001300,yes,,,,,,,
1615,0021000031,0011203000,1000030021,yes,,,,,,,
1616,0021000031,1002003001,0030021001,yes,,,,,,,
1617,0000230011,0001103200,0000230011,yes,,,,,,,
1618,0000230011,1001003200,0230010001,yes,,,,,,,
1619,0000230011,0001001320,0001001320,yes,,,,,,,
1620,0011003002,0011002003,0011002003,yes,,,,,,,
1621,0011003002,0012100030,0030012100,yes,,,,,,,
1622,0011003002,0032001001,1000032001,yes,,,,,,,
1623,0312001000,0000021301,0021300001,yes,,,,,,,
1624,0312001000,0010020130,0010020130,yes,,,,,,,
1625,0312001000,0001300012,1000312000,yes,,,,,,,
1626,0031001002,0013002001,0013002001,yes,,,,,,,
1627,0031001002,0010012300,0010012300,no,,,,,,,
1628,0031001002,0012003001,1000031002,yes,,,,,,,
1629,0000012310,0000131002,0000012310,yes,,,,,,,
1630,0000012310,0001321000,0012310000,yes,,,,,,,
1631,0000012310,0001320100,0001320100,yes,,,,,,,
1632,0002010301,0001031020,0002010301,yes,,,,,,,
1633,0002010301,0301021000,0301021000,yes,,,,,,,
1634,0002010301,0000301102,0000301102,yes,,,,,,,
1635,0100302010,0100100302,0100302010,yes,,,,,,,
1636,0100302010,0011020300,0302010100,yes,,,,,,,
1637,0100302010,0030101020,0101020030,yes,,,,,,,
1638,0100200301,0101030200,0100200301,yes,,,,,,,
1639,0100200301,0201010300,0200300101,yes,,,,,,,
1640,0100200301,0100301020,0100301020,yes,,,,,,,
1641,0000010132,0002311000,0000010132,yes,,,,,,,
1642,0000010132,1002003100,0010130002,yes,,,,,,,
1643,0000010132,0003102100,0003102100,yes,,,,,,,
1644,0010132000,0003101002,0010132000,yes,,,,,,,
1645,0010132000,0023100100,0023100100,yes,,,,,,,
1646,0010132000,0020311000,1000020310,yes,,,,,,,
1647,0013010200,0021031000,0013010200,yes,,,,,,,
1648,0013010200,0100201030,0201030100,yes,,,,,,,
1649,0013010200,0101000203,0200013010,yes,,,,,,,
1650,0003100102,0002010130,0003100102,yes,,,,,,,
1651,0003100102,0100132000,0100132000,yes,,,,,,,
1652,0003100102,0000102013,0000102013,yes,,,,,,,
1653,0010030210,0123001000,0010030210,yes,,,,,,,
1654,0010030210,0101203000,0030210010,yes,,,,,,,
1655,0010030210,0301001200,0210010030,yes,,,,,,,
1656,0003120010,0000102130,0003120010,yes,,,,,,,
1657,0003120010,0001002130,1002130000,yes,,,,,,,
1658,0003120010,0001000213,0001000213,yes,,,,,,,
1659,0000310210,0000121300,0000310210,yes,,,,,,,
1660,0000310210,0001201300,0310210000,yes,,,,,,,
1661,0000310210,0001200130,0001200130,yes,,,,,,,
1662,0021000130,0012000310,0012000310,yes,,,,,,,
1663,0021000130,0010203100,1000130020,yes,,,,,,,
1664,0021000130,0002003101,0130021000,yes,,,,,,,
1665,0000020311,0001132000,0000020311,yes,,,,,,,
1666,0000020311,1001302000,0020310001,yes,,,,,,,
1667,0000020311,0001301200,0001301200,yes,,,,,,,
1668,0000321010,0000102301,0000321010,yes,,,,,,,
1669,0000321010,0001012300,0321010000,yes,,,,,,,
1670,0000321010,0001010230,0001010230,yes,,,,,,,
1671,0003010210,0000121030,0003010210,yes,,,,,,,
1672,0003010210,0001201030,1201030000,yes,,,,,,,
1673,0003010210,0001200103,0001200103,yes,,,,,,,
1674,0000320110,0000112300,0000320110,yes,,,,,,,
1675,0000320110,0001102300,0320110000,yes,,,,,,,
1676,0000320110,0001100230,0001100230,yes,,,,,,,
1677,0000031102,0002013001,0000031102,yes,,,,,,,
1678,0000031102,0113002000,0031100002,yes,,,,,,,
1679,0000031102,0000112300,0000112300,yes,,,,,,,
1680,0023010100,0011032000,0023010100,yes,,,,,,,
1681,0023010100,0101030200,0101030200,yes,,,,,,,
1682,0023010100,0100102003,0100023010,yes,,,,,,,
1683,0000101023,0003200101,0000101023,yes,,,,,,,
1684,0000101023,0103002010,0101020003,yes,,,,,,,
1685,0000101023,0002013010,0002013010,yes,,,,,,,
1686,0001030120,0000213010,0001030120,yes,,,,,,,
1687,0001030120,0002103010,1030120000,yes,,,,,,,
1688,0001030120,0002100301,0002100301,yes,,,,,,,
1689,0002100310,0000130120,0002100310,yes,,,,,,,
1690,0002100310,0001300120,1300120000,yes,,,,,,,
1691,0002100310,0001300012,0001300012,yes,,,,,,,
1692,0000103210,0000120103,0000103210,yes,,,,,,,
1693,0000103210,0001230100,0103210000,yes,,,,,,,
1694,0000103210,0001230010,0001230010,yes,,,,,,,
1695,0010032100,0013001002,0010032100,yes,,,,,,,
1696,0010032100,0100123000,0032100010,yes,,,,,,,
1697,0010032100,0120301000,1000120300,yes,,,,,,,
1698,0012003100,0010021003,0012003100,yes,,,,,,,
1699,0012003100,0020100130,0130020100,yes,,,,,,,
1700,0012003100,0001000132,1000130002,yes,,,,,,,
1701,0101000320,0010100230,0010100230,yes,,,,,,,
1702,0101000320,0010012300,1000320100,yes,,,,,,,
1703,0101000320,0000102301,0102300001,yes,,,,,,,
1704,0013000210,0031000120,0013000210,yes,,,,,,,
1705,0013000210,0030101200,1200030100,yes,,,,,,,
1706,0013000210,0001001203,0210013000,yes,,,,,,,
1707,0001030102,0002013010,0001030102,yes,,,,,,,
1708,0001030102,0103012000,0103012000,yes,,,,,,,
1709,0001030102,0000102301,0000102301,yes,,,,,,,
1710,0010023100,0012001003,0010023100,yes,,,,,,,
1711,0010023100,0100132000,0023100010,yes,,,,,,,
1712,0010023100,0130201000,1000130200,yes,,,,,,,
1713,0012103000,0000121003,0012103000,yes,,,,,,,
1714,0012103000,0030120100,0030120100,yes,,,,,,,
1715,0012103000,0011000032,1000030012,yes,,,,,,,
1716,0000002113,0000003112,0000002113,no,,,,,,,
1717,0000002113,0003001120,0002110003,yes,,,,,,,
1718,0000002113,0001123000,0001123000,yes,,,,,,,
1719,0101002030,0010100302,0010100302,yes,,,,,,,
1720,0101002030,0010013020,1002030100,yes,,,,,,,
1721,0101002030,0000103021,0103020001,yes,,,,,,,
1722,1103002000,0000030112,0030110002,yes,,,,,,,
1723,1103002000,0010020031,0020030011,yes,,,,,,,
1724,1103002000,0000110023,0110020003,yes,,,,,,,
1725,0010010023,1001003200,0010010023,no,,,,,,,
1726,0010010023,1003102000,0010020013,yes,,,,,,,
1727,0010010023,1002003100,0020010013,yes,,,,,,,
1728,0011000302,0011002030,0011000302,yes,,,,,,,
1729,0011000302,0012100300,0300012100,yes,,,,,,,
1730,0011000302,0302001001,0300011002,yes,,,,,,,
1731,0032011000,0001023001,0032011000,yes,,,,,,,
1732,0032011000,0011020300,0011020300,yes,,,,,,,
1733,0032011000,0010103002,1000032010,yes,,,,,,,
1734,0003002110,0000110032,0003002110,yes,,,,,,,
1735,0003002110,0001120030,1120030000,yes,,,,,,,
1736,0003002110,0000001123,0001120003,yes,,,,,,,
1737,0020103001,0102001003,0020103001,yes,,,,,,,
1738,0020103001,0030101200,0030101200,yes,,,,,,,
1739,0020103001,0031012000,2000031010,yes,,,,,,,
1740,0000101032,0002300101,0000101032,yes,,,,,,,
1741,0000101032,0102003010,0101030002,yes,,,,,,,
1742,0000101032,0003012010,0003012010,yes,,,,,,,
1743,0010102030,0101000302,0010102030,yes,,,,,,,
1744,0010102030,0100103020,0102030010,yes,,,,,,,
1745,0010102030,0011003020,1003020010,yes,,,,,,,
1746,0000100312,0002130100,0000100312,yes,,,,,,,
1747,0000100312,0102001300,0100310002,yes,,,,,,,
1748,0000100312,0001302010,0001302010,yes,,,,,,,
1749,0100301002,0102000301,0100301002,yes,,,,,,,
1750,0100301002,0010302010,0010302010,yes,,,,,,,
1751,0100301002,0012030100,0100012030,yes,,,,,,,
1752,0000112030,0000301102,0000112030,yes,,,,,,,
1753,0000112030,0003021100,0112030000,yes,,,,,,,
1754,0000112030,0003020110,0003020110,yes,,,,,,,
1755,0103001002,0030102001,0030102001,yes,,,,,,,
1756,0103001002,0010032010,0010032010,yes,,,,,,,
1757,0103001002,0012000103,0100012003,yes,,,,,,,
1758,0001020130,0000312010,0001020130,yes,,,,,,,
1759,0001020130,0003102010,1020130000,yes,,,,,,,
1760,0001020130,0003100201,0003100201,yes,,,,,,,
1761,0023101000,0000132001,0023101000,yes,,,,,,,
1762,0023101000,0010130200,0010130200,yes,,,,,,,
1763,0023101000,0010012003,1000023100,yes,,,,,,,
1764,0021030100,0013012000,0021030100,yes,,,,,,,
1765,0021030100,0103010200,0103010200,yes,,,,,,,
1766,0021030100,0100302001,0100021030,yes,,,,,,,
1767,0000130120,0000213100,0000130120,yes,,,,,,,
1768,0000130120,0002103100,0130120000,yes,,,,,,,
1769,0000130120,0002100310,0002100310,yes,,,,,,,
1770,0010200130,0201000310,0010200130,yes,,,,,,,
1771,0010200130,0103100200,0200130010,yes,,,,,,,
1772,0010200130,0021003100,0130010200,yes,,,,,,,
1773,0000110302,0002031100,0000110302,yes,,,,,,,
1774,0000110302,0301102000,0110300002,yes,,,,,,,
1775,0000110302,0000302110,0000302110,yes,,,,,,,
1776,0000011302,0002031001,0000011302,yes,,,,,,,
1777,0000011302,0311002000,0011300002,yes,,,,,,,
1778,0000011302,0000312100,0000312100,yes,,,,,,,
1779,0020301100,0010302001,0020301100,yes,,,,,,,
1780,0020301100,0110300200,0110300200,yes,,,,,,,
1781,0020301100,0032000110,1100020300,yes,,,,,,,
1782,0001103020,0000200113,0001103020,yes,,,,,,,
1783,0001103020,0002030110,1103020000,yes,,,,,,,
1784,0001103020,0002030011,0002030011,yes,,,,,,,
1785,0003100201,0001020130,0003100201,yes,,,,,,,
1786,0003100201,0131000200,0200131000,yes,,,,,,,
1787,0003100201,0000201013,0000201013,yes,,,,,,,
1788,0000103012,0002100103,0000103012,yes,,,,,,,
1789,0000103012,0102001030,0103010002,yes,,,,,,,
1790,0000103012,0001032010,0001032010,yes,,,,,,,
1791,0030121000,0002103001,0030121000,yes,,,,,,,
1792,0030121000,0012100300,0012100300,yes,,,,,,,
1793,0030121000,0010213000,1000030120,yes,,,,,,,
1794,0001210030,0000301210,0001210030,yes,,,,,,,
1795,0001210030,0003001210,1210030000,yes,,,,,,,
1796,0001210030,0003000121,0003000121,yes,,,,,,,
1797,0011200300,0030211000,0011200300,yes,,,,,,,
1798,0011200300,0100300210,0300210100,yes,,,,,,,
1799,0011200300,0021000301,0300011200,yes,,,,,,,
1800,0001321000,0000002311,0001321000,yes,,,,,,,
1801,0001321000,0000012310,0012310000,yes,,,,,,,
1802,0001321000,0000010231,0000010231,yes,,,,,,,
1803,0101000203,0010103020,0010103020,yes,,,,,,,
1804,0101000203,0013010200,0200013010,yes,,,,,,,
1805,0101000203,0100203001,0100203001,yes,,,,,,,
1806,0001003012,0002100013,0001003012,yes,,,,,,,
1807,0001003012,0012001030,1003010002,yes,,,,,,,
1808,0001003012,0001032001,0001032001,yes,,,,,,,
1809,0000300211,0001120300,0000300211,yes,,,,,,,
1810,0000300211,0301001200,0300210001,yes,,,,,,,
1811,0000300211,0001201030,0001201030,yes,,,,,,,
1812,0101003020,0010100203,0010100203,yes,,,,,,,
1813,0101003020,0010012030,1003020100,yes,,,,,,,
1814,0101003020,0000102031,0102030001,yes,,,,,,,
1815,0030201010,0100203001,0030201010,yes,,,,,,,
1816,0030201010,0200301010,0201010030,yes,,,,,,,
1817,0030201010,0023001010,1010030200,yes,,,,,,,
1818,0000211003,0003001201,0000211003,yes,,,,,,,
1819,0000211003,0011203000,0011203000,yes,,,,,,,
1820,0000211003,0000013120,0000013120,yes,,,,,,,
1821,0001023001,0001002013,0001023001,yes,,,,,,,
1822,0001023001,0032011000,0032011000,yes,,,,,,,
1823,0001023001,0000031201,0000031201,yes,,,,,,,
1824,0002130100,0000013120,0002130100,yes,,,,,,,
1825,0002130100,0000103120,0103120000,yes,,,,,,,
1826,0002130100,0000100312,0000100312,yes,,,,,,,
1827,0010020031,1001302000,0010020031,yes,,,,,,,
1828,0010020031,1103002000,0020030011,yes,,,,,,,
1829,0010020031,1003001200,0030010021,yes,,,,,,,
1830,0203001010,0030200101,0030200101,yes,,,,,,,
1831,0203001010,0021010030,1010030020,yes,,,,,,,
1832,0203001010,0000201013,0201010003,yes,,,,,,,
1833,0020100301,0102001030,0020100301,yes,,,,,,,
1834,0020100301,0101200300,0100300021,yes,,,,,,,
1835,0020100301,0301012000,0300020101,yes,,,,,,,
1836,0201301000,0000310201,0201301000,yes,,,,,,,
1837,0201301000,0010310020,0010310020,yes,,,,,,,
1838,0201301000,0010030201,0200010031,yes,,,,,,,
1839,0100100230,0100100320,0100100230,no,,,,,,,
1840,0100100230,0013200100,0100230100,yes,,,,,,,
1841,0100100230,0010103200,0103200010,yes,,,,,,,
1842,0102000310,0020100130,0020100130,yes,,,,,,,
1843,0102000310,0011300020,1300020010,yes,,,,,,,
1844,0102000310,0000101302,0101300002,yes,,,,,,,
1845,0003101002,0002000131,0003101002,yes,,,,,,,
1846,0003101002,0010132000,0010132000,yes,,,,,,,
1847,0003101002,0000012013,0000012013,yes,,,,,,,
1848,0000130201,0001023100,0000130201,yes,,,,,,,
1849,0000130201,0203101000,0130200001,yes,,,,,,,
1850,0000130201,0000201310,0000201310,yes,,,,,,,
1851,0001200013,0003100210,0001200013,yes,,,,,,,
1852,0001200013,0213001000,1000213000,yes,,,,,,,
1853,0001200013,0001003021,0001003021,yes,,,,,,,
1854,0110302000,0000301102,0110302000,yes,,,,,,,
1855,0110302000,0020300110,0020300110,yes,,,,,,,
1856,0110302000,0020031100,1100020030,yes,,,,,,,
1857,0000013102,0002011003,0000013102,yes,,,,,,,
1858,0000013102,0131002000,0013100002,yes,,,,,,,
1859,0000013102,0000132100,0000132100,yes,,,,,,,
1860,0001130020,0000203110,0001130020,yes,,,,,,,
1861,0001130020,0002003110,1130020000,yes,,,,,,,
1862,0001130020,0002000311,0002000311,yes,,,,,,,
1863,0001012003,0003001012,0001012003,yes,,,,,,,
1864,0001012003,0021013000,0021013000,yes,,,,,,,
1865,0001012003,0000023101,0000023101,yes,,,,,,,
1866,0013001002,0031002001,0013001002,yes,,,,,,,
1867,0013001002,0010032100,0010032100,yes,,,,,,,
1868,0013001002,0012001003,1000012003,yes,,,,,,,
1869,0031102000,0000113002,0031102000,yes,,,,,,,
1870,0031102000,0020110300,0020110300,yes,,,,,,,
1871,0031102000,0013000021,2000031100,yes,,,,,,,
1872,0012300100,0010321000,0012300100,yes,,,,,,,
1873,0012300100,0100100320,0100320100,yes,,,,,,,
1874,0012300100,0031000102,0100012300,yes,,,,,,,
1875,1003002010,0010100032,0030010102,yes,,,,,,,
1876,1003002010,0001020031,1020030001,yes,,,,,,,
1877,1003002010,0000011023,0011020003,yes,,,,,,,
1878,0002000131,0001310020,0002000131,yes,,,,,,,
1879,0002000131,0021003100,2000130001,yes,,,,,,,
1880,0002000131,0003101002,0003101002,yes,,,,,,,
1881,0001013002,0002001013,0001013002,yes,,,,,,,
1882,0001013002,0031012000,0031012000,yes,,,,,,,
1883,0001013002,0000032101,0000032101,yes,,,,,,,
1884,0001020310,0000132010,0001020310,yes,,,,,,,
1885,0001020310,0001302010,1020310000,yes,,,,,,,
1886,0001020310,0001300201,0001300201,yes,,,,,,,
1887,0003121000,0000002131,0003121000,yes,,,,,,,
1888,0003121000,0000012130,0012130000,yes,,,,,,,
1889,0003121000,0000010213,0000010213,yes,,,,,,,
1890,0301012000,0001010302,0301012000,yes,,,,,,,
1891,0301012000,0021010030,0021010030,yes,,,,,,,
1892,0301012000,0020100301,0300020101,yes,,,,,,,
1893,0023001100,0010032001,0023001100,yes,,,,,,,
1894,0023001100,0030200110,0110030200,yes,,,,,,,
1895,0023001100,0002000113,1100023000,yes,,,,,,,
1896,0010030120,0213001000,0010030120,yes,,,,,,,
1897,0010030120,0102103000,0030120010,yes,,,,,,,
1898,0010030120,0301002100,0120010030,yes,,,,,,,
1899,0000012103,0003011002,0000012103,yes,,,,,,,
1900,0000012103,0121003000,0012100003,yes,,,,,,,
1901,0000012103,0000123100,0000123100,yes,,,,,,,
1902,0001120030,0000302110,0001120030,yes,,,,,,,
1903,0001120030,0003002110,1120030000,yes,,,,,,,
1904,0001120030,0003000211,0003000211,yes,,,,,,,
1905,0100203010,0100100203,0100203010,yes,,,,,,,
1906,0100203010,0011030200,0203010100,yes,,,,,,,
1907,0100203010,0020101030,0101030020,yes,,,,,,,
1908,0001003210,0000120013,0001003210,yes,,,,,,,
1909,0001003210,0001230010,1003210000,yes,,,,,,,
1910,0001003210,0000001231,0001230001,yes,,,,,,,
1911,0003021010,0000102031,0003021010,yes,,,,,,,
1912,0003021010,0001012030,1012030000,yes,,,,,,,
1913,0003021010,0001010203,0001010203,yes,,,,,,,
1914,0010310200,0021301000,0010310200,yes,,,,,,,
1915,0010310200,0100201300,0201300100,yes,,,,,,,
1916,0010310200,0131000200,0200010310,yes,,,,,,,
1917,0010021300,0032001001,0010021300,yes,,,,,,,
1918,0010021300,0100312000,0021300010,yes,,,,,,,
1919,0010021300,0201000310,1000310200,yes,,,,,,,
1920,0103002010,0030100102,0030100102,yes,,,,,,,
1921,0103002010,0011020030,1020030010,yes,,,,,,,
1922,0103002010,0000101023,0101020003,yes,,,,,,,
1923,0100321000,0002300101,0100321000,yes,,,,,,,
1924,0100321000,0010012300,0012300010,yes,,,,,,,
1925,0100321000,0010230100,0100010230,yes,,,,,,,
1926,0000110230,0000321100,0000110230,yes,,,,,,,
1927,0000110230,0003201100,0110230000,yes,,,,,,,
1928,0000110230,0003200110,0003200110,yes,,,,,,,
1929,0100200130,0100310200,0100200130,yes,,,,,,,
1930,0100200130,0013100200,0200130100,yes,,,,,,,
1931,0100200130,0020103100,0103100020,yes,,,,,,,
1932,0000213100,0000011203,0000213100,yes,,,,,,,
1933,0000213100,0000131200,0131200000,yes,,,,,,,
1934,0000213100,0000130120,0000130120,yes,,,,,,,
1935,0012001300,0021000031,0012001300,yes,,,,,,,
1936,0012001300,0020100310,0310020100,yes,,,,,,,
1937,0012001300,0001000312,1000310002,yes,,,,,,,
1938,0000103120,0000210103,0000103120,yes,,,,,,,
1939,0000103120,0002130100,0103120000,yes,,,,,,,
1940,0000103120,0002130010,0002130010,yes,,,,,,,
1941,0003021001,0001002031,0003021001,yes,,,,,,,
1942,0003021001,0012031000,0012031000,yes,,,,,,,
1943,0003021001,0000011203,0000011203,yes,,,,,,,
1944,0020100031,0102001300,0020100031,yes,,,,,,,
1945,0020100031,0101203000,0100030021,yes,,,,,,,
1946,0020100031,1012003000,0030020101,yes,,,,,,,
1947,0010021003,1003002001,0010021003,yes,,,,,,,
1948,0010021003,0012003100,0012003100,yes,,,,,,,
1949,0010021003,0013201000,1000010023,yes,,,,,,,
1950,0010013020,0201001003,0010013020,no,,,,,,,
1951,0010013020,0102031000,0013020010,yes,,,,,,,
1952,0010013020,0101002030,1002030100,yes,,,,,,,
1953,0031010200,0021013000,0031010200,yes,,,,,,,
1954,0031010200,0201010300,0201010300,yes,,,,,,,
1955,0031010200,0103000201,0200031010,yes,,,,,,,
1956,0003001201,0001020031,0003001201,yes,,,,,,,
1957,0003001201,0031000210,0210031000,yes,,,,,,,
1958,0003001201,0000211003,0000211003,yes,,,,,,,
1959,0032101000,0000123001,0032101000,yes,,,,,,,
1960,0032101000,0010120300,0010120300,yes,,,,,,,
1961,0032101000,0010013002,1000032100,yes,,,,,,,
1962,0013001200,0020031001,0013001200,yes,,,,,,,
1963,0013001200,0030100210,0210030100,yes,,,,,,,
1964,0013001200,0001000213,1000210003,yes,,,,,,,
1965,0010200310,0130201000,0010200310,yes,,,,,,,
1966,0010200310,0101300200,0200310010,yes,,,,,,,
1967,0010200310,0021001300,0310010200,yes,,,,,,,
1968,0012000103,0021003010,0012000103,yes,,,,,,,
1969,0012000103,0023100100,0100023100,yes,,,,,,,
1970,0012000103,0103001002,0100012003,yes,,,,,,,
1971,0003011200,0000021031,0003011200,yes,,,,,,,
1972,0003011200,0000211030,0211030000,yes,,,,,,,
1973,0003011200,0000210103,0000210103,yes,,,,,,,
1974,0000020131,0001312000,0000020131,yes,,,,,,,
1975,0000020131,1003102000,0020130001,yes,,,,,,,
1976,0000020131,0003101200,0003101200,yes,,,,,,,
1977,1001003020,0010010203,0010010203,no,,,,,,,
1978,1001003020,0002030011,1003021000,yes,,,,,,,
1979,1001003020,0000012031,0012030001,yes,,,,,,,
1980,0103002100,0010030102,0030100012,yes,,,,,,,
1981,0103002100,0010120030,0120030010,yes,,,,,,,
1982,0103002100,0000100123,0100120003,yes,,,,,,,
1983,0000112003,0003001102,0000112003,yes,,,,,,,
1984,0000112003,0021103000,0021103000,yes,,,,,,,
1985,0000112003,0000023110,0000023110,yes,,,,,,,
1986,0100120300,0032100100,0100120300,yes,,,,,,,
1987,0100120300,0010302100,0120300100,yes,,,,,,,
1988,0100120300,0100300210,0100300210,yes,,,,,,,
1989,0001300012,0002100310,0001300012,yes,,,,,,,
1990,0001300012,0312001000,1000312000,yes,,,,,,,
1991,0001300012,0001002031,0001002031,yes,,,,,,,
1992,0001003021,0001200013,0001003021,yes,,,,,,,
1993,0001003021,0011002030,1003020001,yes,,,,,,,
1994,0001003021,0002031001,0002031001,yes,,,,,,,
1995,0010321000,0002301001,0010321000,yes,,,,,,,
1996,0010321000,0012300100,0012300100,yes,,,,,,,
1997,0010321000,0010231000,1000010230,yes,,,,,,,
1998,0003011020,0000201031,0003011020,yes,,,,,,,
1999,0003011020,0002011030,2011030000,yes,,,,,,,
2000,0003011020,0002010103,0002010103,yes,,,,,,,
2001,0302001010,0020300101,0020300101,yes,,,,,,,
2002,0302001010,0020031010,1010020030,yes,,,,,,,
2003,0302001010,0000301012,0301010002,yes,,,,,,,
2004,0013002010,0031000102,0013002010,yes,,,,,,,
2005,0013002010,0030101020,1020030100,yes,,,,,,,
2006,0013002010,0001001023,1001020003,yes,,,,,,,
2007,0020031100,0013002001,0020031100,yes,,,,,,,
2008,0020031100,0113000200,0031100020,yes,,,,,,,
2009,0020031100,0110302000,1100020030,yes,,,,,,,
2010,0010100320,0101000230,0010100320,yes,,,,,,,
2011,0010100320,0100102300,0100320010,yes,,,,,,,
2012,0010100320,0011002300,0320010100,yes,,,,,,,
2013,0101203000,0000210103,0101203000,yes,,,,,,,
2014,0101203000,0010030210,0030210010,yes,,,,,,,
2015,0101203000,0020100031,0100030021,yes,,,,,,,
2016,0000021031,0001302001,0000021031,yes,,,,,,,
2017,0000021031,1003012000,0021030001,yes,,,,,,,
2018,0000021031,0003011200,0003011200,yes,,,,,,,
2019,0021001003,0012003001,0012003001,yes,,,,,,,
2020,0021001003,0010013200,0010013200,no,,,,,,,
2021,0021001003,0013002001,1000021003,yes,,,,,,,
2022,0000012031,0001301002,0000012031,yes,,,,,,,
2023,0000012031,1001003020,0012030001,yes,,,,,,,
2024,0000012031,0003021100,0003021100,yes,,,,,,,
2025,0000012301,0001031002,0000012301,yes,,,,,,,
2026,0000012301,0321001000,0012300001,yes,,,,,,,
2027,0000012301,0000321100,0000321100,yes,,,,,,,
2028,0001032001,0001003012,0001032001,yes,,,,,,,
2029,0001032001,0023011000,0023011000,yes,,,,,,,
2030,0001032001,0000021301,0000021301,yes,,,,,,,
2031,0003010201,0001021030,0003010201,yes,,,,,,,
2032,0003010201,0201031000,0201031000,yes,,,,,,,
2033,0003010201,0000201103,0000201103,yes,,,,,,,
2034,0000123010,0000102103,0000123010,yes,,,,,,,
2035,0000123010,0001032100,0123010000,yes,,,,,,,
2036,0000123010,0001030210,0001030210,yes,,,,,,,
2037,0000100321,0001230100,0000100321,yes,,,,,,,
2038,0000100321,0101002300,0100320001,yes,,,,,,,
2039,0000100321,0002301010,0002301010,yes,,,,,,,
2040,0012100300,0030121000,0012100300,yes,,,,,,,
2041,0012100300,0100300120,0300120100,yes,,,,,,,
2042,0012100300,0011000302,0300012100,yes,,,,,,,
2043,0002311000,0000001321,0002311000,yes,,,,,,,
2044,0002311000,0000011320,0011320000,yes,,,,,,,
2045,0002311000,0000010132,0000010132,yes,,,,,,,
2046,0001103200,0000020113,0001103200,yes,,,,,,,
2047,0001103200,0000230110,0230110000,yes,,,,,,,
2048,0001103200,0000230011,0000230011,yes,,,,,,,
2049,0112003000,0000021103,0021100003,yes,,,,,,,
2050,0112003000,0020110030,0030020110,yes,,,,,,,
2051,0112003000,0001100032,1100030002,yes,,,,,,,
2052,0100203100,0010200103,0100203100,yes,,,,,,,
2053,0100203100,0010130200,0130200010,yes,,,,,,,
2054,0100203100,0020100130,0100130020,yes,,,,,,,
2055,0001030210,0000123010,0001030210,yes,,,,,,,
2056,0001030210,0001203010,1030210000,yes,,,,,,,
2057,0001030210,0001200301,0001200301,yes,,,,,,,
2058,0010120300,0032101000,0010120300,yes,,,,,,,
2059,0010120300,0100302100,0120300010,yes,,,,,,,
2060,0010120300,0211000300,0300010120,yes,,,,,,,
2061,0003102010,0000100132,0003102010,yes,,,,,,,
2062,0003102010,0001020130,1020130000,yes,,,,,,,
2063,0003102010,0001020013,0001020013,yes,,,,,,,
2064,0001000132,0002310010,0001000132,yes,,,,,,,
2065,0001000132,0012003100,1000130002,yes,,,,,,,
2066,0001000132,0003102001,0003102001,yes,,,,,,,
2067,0030110200,0021103000,0030110200,yes,,,,,,,
2068,0030110200,0201100300,0110200030,yes,,,,,,,
2069,0030110200,0113000200,0200030110,yes,,,,,,,
2070,0030102010,0100103002,0030102010,yes,,,,,,,
2071,0030102010,0100301020,0102010030,yes,,,,,,,
2072,0030102010,0013001020,2010030100,yes,,,,,,,
2073,0002310100,0000011320,0002310100,yes,,,,,,,
2074,0002310100,0000101320,0101320000,yes,,,,,,,
2075,0002310100,0000100132,0000100132,yes,,,,,,,
2076,0001000213,0003120010,0001000213,yes,,,,,,,
2077,0001000213,0013001200,1000210003,yes,,,,,,,
2078,0001000213,0001203001,0001203001,yes,,,,,,,
2079,1002003001,0011000023,0020011003,yes,,,,,,,
2080,1002003001,0021000031,0030021001,yes,,,,,,,
2081,1002003001,0010031002,0010031002,yes,,,,,,,
2082,0100100302,0100102030,0100100302,no,,,,,,,
2083,0100100302,0102010300,0100300102,yes,,,,,,,
2084,0100100302,0100302010,0100302010,yes,,,,,,,
2085,1001002300,0010010032,0010010032,no,,,,,,,
2086,1001002300,0000320011,0320010001,yes,,,,,,,
2087,1001002300,0000010321,0010320001,yes,,,,,,,
2088,0010310020,0201301000,0010310020,yes,,,,,,,
2089,0010310020,0102001300,0310020010,yes,,,,,,,
2090,0010310020,0131002000,0020010310,yes,,,,,,,
2091,0000213001,0001001203,0000213001,yes,,,,,,,
2092,0000213001,0031201000,0031201000,yes,,,,,,,
2093,0000213001,0000031120,0000031120,yes,,,,,,,
2094,0002130010,0000103120,0002130010,yes,,,,,,,
2095,0002130010,0001003120,1003120000,yes,,,,,,,
2096,0002130010,0001000312,0001000312,yes,,,,,,,
2097,0010300201,0301001020,0010300201,yes,,,,,,,
2098,0010300201,0200301100,0200301100,yes,,,,,,,
2099,0010300201,0201031000,0200010301,yes,,,,,,,
2100,0011000320,0011000230,0011000230,yes,,,,,,,
2101,0011000320,0010102300,1000320010,yes,,,,,,,
2102,0011000320,0001002301,0320011000,yes,,,,,,,
2103,0011000023,0011003200,0011000023,yes,,,,,,,
2104,0011000023,0013102000,1000020013,yes,,,,,,,
2105,0011000023,1002003001,0020011003,yes,,,,,,,
2106,0000121030,0000302101,0000121030,yes,,,,,,,
2107,0000121030,0003012100,0121030000,yes,,,,,,,
2108,0000121030,0003010210,0003010210,yes,,,,,,,
2109,0001002301,0001030012,0001002301,yes,,,,,,,
2110,0001002301,0011000320,0320011000,yes,,,,,,,
2111,0001002301,0000321001,0000321001,yes,,,,,,,
2112,0010302010,0100301002,0010302010,yes,,,,,,,
2113,0010302010,0101020300,0302010010,yes,,,,,,,
2114,0010302010,0031001020,1001020030,yes,,,,,,,
2115,0000100132,0002310100,0000100132,yes,,,,,,,
2116,0000100132,0102003100,0100130002,yes,,,,,,,
2117,0000100132,0003102010,0003102010,yes,,,,,,,
2118,0002031010,0000103021,0002031010,yes,,,,,,,
2119,0002031010,0001013020,1013020000,yes,,,,,,,
2120,0002031010,0001010302,0001010302,yes,,,,,,,
2121,0000102103,0003010102,0000102103,yes,,,,,,,
2122,0000102103,0103000120,0102100003,yes,,,,,,,
2123,0000102103,0000123010,0000123010,yes,,,,,,,
2124,0000031120,0000213001,0000031120,yes,,,,,,,
2125,0000031120,0002113000,0031120000,yes,,,,,,,
2126,0000031120,0002110300,0002110300,yes,,,,,,,
2127,0013000102,0031002010,0013000102,yes,,,,,,,
2128,0013000102,0032100100,0100032100,yes,,,,,,,
2129,0013000102,0102001003,0100013002,yes,,,,,,,
2130,1001302000,0000310012,0310010002,yes,,,,,,,
2131,1001302000,0000020311,0020310001,yes,,,,,,,
2132,1001302000,0010020031,0010020031,yes,,,,,,,
2133,0002001103,0003010021,0002001103,yes,,,,,,,
2134,0002001103,0023000110,0110023000,yes,,,,,,,
2135,0002001103,0000113002,0000113002,yes,,,,,,,
2136,0001000231,0001320010,0001000231,yes,,,,,,,
2137,0001000231,0011003200,1000230001,yes,,,,,,,
2138,0001000231,0003201001,0003201001,yes,,,,,,,
2139,0001023100,0000012013,0001023100,yes,,,,,,,
2140,0001023100,0000132010,0132010000,yes,,,,,,,
2141,0001023100,0000130201,0000130201,yes,,,,,,,
2142,0000110032,0002301100,0000110032,yes,,,,,,,
2143,0000110032,1102003000,0110030002,yes,,,,,,,
2144,0000110032,0003002110,0003002110,yes,,,,,,,
2145,0021100030,0112000300,0021100030,yes,,,,,,,
2146,0021100030,0110203000,1100030020,yes,,,,,,,
2147,0021100030,0012003001,0030021100,yes,,,,,,,
2148,0010210030,0301201000,0010210030,yes,,,,,,,
2149,0010210030,0103001200,0210030010,yes,,,,,,,
2150,0010210030,0121003000,0030010210,yes,,,,,,,
2151,0002031001,0001003021,0002031001,yes,,,,,,,
2152,0002031001,0013021000,0013021000,yes,,,,,,,
2153,0002031001,0000011302,0000011302,yes,,,,,,,
2154,0010102300,0030101002,0010102300,yes,,,,,,,
2155,0010102300,0100100320,0102300010,yes,,,,,,,
2156,0010102300,0011000320,1000320010,yes,,,,,,,
2157,0003012010,0000101032,0003012010,yes,,,,,,,
2158,0003012010,0001021030,1021030000,yes,,,,,,,
2159,0003012010,0001020103,0001020103,yes,,,,,,,
2160,0000110203,0003021100,0000110203,yes,,,,,,,
2161,0000110203,0201103000,0110200003,yes,,,,,,,
2162,0000110203,0000203110,0000203110,yes,,,,,,,
2163,0010010032,1001002300,0010010032,no,,,,,,,
2164,0010010032,1002103000,0010030012,yes,,,,,,,
2165,0010010032,1003002100,0030010012,yes,,,,,,,
2166,0000103201,0001020103,0000103201,yes,,,,,,,
2167,0000103201,0101000230,0103200001,yes,,,,,,,
2168,0000103201,0000231010,0000231010,yes,,,,,,,
2169,0001010320,0000231010,0001010320,yes,,,,,,,
2170,0001010320,0002301010,1010320000,yes,,,,,,,
2171,0001010320,0002300101,0002300101,yes,,,,,,,
2172,0030100102,0103002010,0030100102,yes,,,,,,,
2173,0030100102,0100102300,0100100032,no,,,,,,,
2174,0030100102,0102013000,0100030102,yes,,,,,,,
2175,0000031210,0000123001,0000031210,yes,,,,,,,
2176,0000031210,0001213000,0031210000,yes,,,,,,,
2177,0000031210,0001210300,0001210300,yes,,,,,,,
2178,0200311000,0001300201,0200311000,yes,,,,,,,
2179,0200311000,0011300020,0011300020,yes,,,,,,,
2180,0200311000,0010130200,0200010130,yes,,,,,,,
2181,0010031002,1002003001,0010031002,yes,,,,,,,
2182,0010031002,0013002100,0013002100,yes,,,,,,,
2183,0010031002,0012301000,1000010032,yes,,,,,,,
2184,0001230100,0000013210,0001230100,yes,,,,,,,
2185,0001230100,0000103210,0103210000,yes,,,,,,,
2186,0001230100,0000100321,0000100321,yes,,,,,,,
2187,0010030102,1002013000,0010030102,yes,,,,,,,
2188,0010030102,0103002100,0030100012,yes,,,,,,,
2189,0010030102,0102301000,0100010032,yes,,,,,,,
2190,0001001023,0003200011,0001001023,yes,,,,,,,
2191,0001001023,0013002010,1001020003,yes,,,,,,,
2192,0001001023,0002013001,0002013001,yes,,,,,,,
2193,0010231000,0003201001,0010231000,yes,,,,,,,
2194,0010231000,0013200100,0013200100,yes,,,,,,,
2195,0010231000,0010321000,1000010230,yes,,,,,,,
2196,0020100130,0102000310,0020100130,yes,,,,,,,
2197,0020100130,0100203100,0100130020,yes,,,,,,,
2198,0020100130,0012003100,0130020100,yes,,,,,,,
2199,0021010030,0301012000,0021010030,yes,,,,,,,
2200,0021010030,0203001010,1010030020,yes,,,,,,,
2201,0021010030,0102003001,0030021010,yes,,,,,,,
2202,0032001100,0010023001,0023000011,yes,,,,,,,
2203,0032001100,0020300110,0110020300,yes,,,,,,,
2204,0032001100,0003000112,1100032000,yes,,,,,,,
2205,0013021000,0002031001,0013021000,yes,,,,,,,
2206,0013021000,0012030100,0012030100,yes,,,,,,,
2207,0013021000,0010201003,1000010203,yes,,,,,,,
2208,0001320100,0000012310,0001320100,yes,,,,,,,
2209,0001320100,0000102310,0102310000,yes,,,,,,,
2210,0001320100,0000100231,0000100231,yes,,,,,,,
2211,0000102310,0000130102,0000102310,yes,,,,,,,
2212,0000102310,0001320100,0102310000,yes,,,,,,,
2213,0000102310,0001320010,0001320010,yes,,,,,,,
2214,0101032000,0003010102,0101032000,yes,,,,,,,
2215,0101032000,0010023010,0023010010,yes,,,,,,,
2216,0101032000,0020300101,0100020301,yes,,,,,,,
2217,0002103001,0001000123,0002103001,yes,,,,,,,
2218,0002103001,0030121000,0030121000,yes,,,,,,,
2219,0002103001,0000031012,0000031012,yes,,,,,,,
2220,0301002001,0010301002,0010301002,yes,,,,,,,
2221,0301002001,0011030020,0020011030,yes,,,,,,,
2222,0301002001,0021000301,0300021001,yes,,,,,,,
2223,0010031200,0023001001,0010031200,yes,,,,,,,
2224,0010031200,0100213000,0031200010,yes,,,,,,,
2225,0010031200,0210301000,1000210300,yes,,,,,,,
2226,0100100320,0100100230,0100100230,no,,,,,,,
2227,0100100320,0012300100,0100320100,yes,,,,,,,
2228,0100100320,0010102300,0102300010,yes,,,,,,,
2229,0011030200,0023011000,0011030200,yes,,,,,,,
2230,0011030200,0100203010,0203010100,yes,,,,,,,
2231,0011030200,0200301001,0200011030,yes,,,,,,,
2232,0032001010,0023000101,0023000101,yes,,,,,,,
2233,0032001010,0020301010,1010020300,yes,,,,,,,
2234,0032001010,0003001012,1010032000,yes,,,,,,,
2235,0010302100,0010301002,0010302100,yes,,,,,,,
2236,0010302100,0100120300,0120300100,yes,,,,,,,
2237,0010302100,0031000120,1000120030,yes,,,,,,,
2238,0030112000,0001103002,0030112000,yes,,,,,,,
2239,0030112000,0021100300,0021100300,yes,,,,,,,
2240,0030112000,0020113000,2000030110,yes,,,,,,,
2241,0001102300,0000030112,0001102300,yes,,,,,,,
2242,0001102300,0000320110,0320110000,yes,,,,,,,
2243,0001102300,0000320011,0000320011,yes,,,,,,,
2244,0103010200,0021030100,0103010200,yes,,,,,,,
2245,0103010200,0010201030,0201030010,yes,,,,,,,
2246,0103010200,0100100203,0100200103,yes,,,,,,,
2247,0231001000,0000013201,0013200001,yes,,,,,,,
2248,0231001000,0010010320,0010010320,no,,,,,,,
2249,0231001000,0003200011,1000231000,yes,,,,,,,
2250,0011020030,0302011000,0011020030,yes,,,,,,,
2251,0011020030,0103002010,1020030010,yes,,,,,,,
2252,0011020030,0201003001,0030011020,yes,,,,,,,
2253,0000023110,0000112003,0000023110,yes,,,,,,,
2254,0000023110,0001132000,0023110000,yes,,,,,,,
2255,0000023110,0001130200,0001130200,yes,,,,,,,
2256,0000102301,0001030102,0000102301,yes,,,,,,,
2257,0000102301,0101000320,0102300001,yes,,,,,,,
2258,0000102301,0000321010,0000321010,yes,,,,,,,
2259,0001302001,0001000312,0001302001,yes,,,,,,,
2260,0001302001,0020311000,0020311000,yes,,,,,,,
2261,0001302001,0000021031,0000021031,yes,,,,,,,
2262,0012000301,0021001030,0012000301,yes,,,,,,,
2263,0012000301,0021100300,0300021100,yes,,,,,,,
2264,0012000301,0301001002,0300012001,yes,,,,,,,
2265,0000301201,0001020301,0000301201,yes,,,,,,,
2266,0000301201,0210301000,0210301000,yes,,,,,,,
2267,0000301201,0000211030,0000211030,yes,,,,,,,
2268,0000101320,0000230101,0000101320,yes,,,,,,,
2269,0000101320,0002310100,0101320000,yes,,,,,,,
2270,0000101320,0002310010,0002310010,yes,,,,,,,
2271,0002030011,0001103020,0002030011,yes,,,,,,,
2272,0002030011,1001003020,1003021000,yes,,,,,,,
2273,0002030011,0001001302,0001001302,yes,,,,,,,
2274,0020130100,0013102000,0020130100,yes,,,,,,,
2275,0020130100,0103100200,0103100200,yes,,,,,,,
2276,0020130100,0100312000,0100020130,yes,,,,,,,
2277,0302101000,0000120301,0120300001,yes,,,,,,,
2278,0302101000,0010120030,0010120030,yes,,,,,,,
2279,0302101000,0010010302,0300010012,yes,,,,,,,
2280,0000010231,0001321000,0000010231,yes,,,,,,,
2281,0000010231,1001003200,0010230001,yes,,,,,,,
2282,0000010231,0003201100,0003201100,yes,,,,,,,
2283,0301001200,0010300021,0010300021,yes,,,,,,,
2284,0301001200,0010030210,0210010030,yes,,,,,,,
2285,0301001200,0000300211,0300210001,yes,,,,,,,
2286,0000121300,0000032101,0000121300,yes,,,,,,,
2287,0000121300,0000312100,0121300000,yes,,,,,,,
2288,0000121300,0000310210,0000310210,yes,,,,,,,
2289,0102103000,0000120103,0102103000,yes,,,,,,,
2290,0102103000,0010030120,0030120010,yes,,,,,,,
2291,0102103000,0010100032,0100030012,yes,,,,,,,
2292,0000013021,0001201003,0000013021,yes,,,,,,,
2293,0000013021,1001002030,0013020001,yes,,,,,,,
2294,0000013021,0002031100,0002031100,yes,,,,,,,
2295,0102013000,0001020103,0102013000,yes,,,,,,,
2296,0102013000,0010031020,0031020010,yes,,,,,,,
2297,0102013000,0030100102,0100030102,yes,,,,,,,
2298,0000203110,0000110203,0000203110,yes,,,,,,,
2299,0000203110,0001130200,0203110000,yes,,,,,,,
2300,0000203110,0001130020,0001130020,yes,,,,,,,
2301,0001300102,0002010310,0001300102,yes,,,,,,,
2302,0001300102,0100312000,0100312000,yes,,,,,,,
2303,0001300102,0000102031,0000102031,yes,,,,,,,
2304,0021301000,0000312001,0021301000,yes,,,,,,,
2305,0021301000,0010310200,0010310200,yes,,,,,,,
2306,0021301000,0010032001,1000021300,yes,,,,,,,
2307,0000103021,0001200103,0000103021,yes,,,,,,,
2308,0000103021,0101002030,0103020001,yes,,,,,,,
2309,0000103021,0002031010,0002031010,yes,,,,,,,
2310,0003020101,0001012030,0003020101,yes,,,,,,,
2311,0003020101,0102031000,0102031000,yes,,,,,,,
2312,0003020101,0000101203,0000101203,yes,,,,,,,
2313,0003010120,0000211030,0003010120,yes,,,,,,,
2314,0003010120,0002101030,2101030000,yes,,,,,,,
2315,0003010120,0002100103,0002100103,yes,,,,,,,
2316,0023011000,0001032001,0023011000,yes,,,,,,,
2317,0023011000,0011030200,0011030200,yes,,,,,,,
2318,0023011000,0010102003,1000023010,yes,,,,,,,
2319,0010200301,0201001030,0010200301,yes,,,,,,,
2320,0010200301,0201100300,0200300011,yes,,,,,,,
2321,0010200301,0301021000,0300010201,yes,,,,,,,
2322,0001030201,0001023010,0001030201,yes,,,,,,,
2323,0001030201,0203011000,0203011000,yes,,,,,,,
2324,0001030201,0000201301,0000201301,yes,,,,,,,
2325,0021001300,0012000031,0012000031,yes,,,,,,,
2326,0021001300,0010200310,0310010200,yes,,,,,,,
2327,0021001300,0002000311,1300021000,yes,,,,,,,
2328,0001002013,0003100012,0001002013,yes,,,,,,,
2329,0001002013,0013001020,1002010003,yes,,,,,,,
2330,0001002013,0001023001,0001023001,yes,,,,,,,
2331,0031002010,0013000102,0013000102,yes,,,,,,,
2332,0031002010,0010301020,1002010030,yes,,,,,,,
2333,0031002010,0003001021,2010031000,yes,,,,,,,
2334,0131000200,0013100020,0013100020,yes,,,,,,,
2335,0131000200,0010310200,0200010310,yes,,,,,,,
2336,0131000200,0003100201,0200131000,yes,,,,,,,
2337,0020310100,0011302000,0020310100,yes,,,,,,,
2338,0020310100,0101300200,0101300200,yes,,,,,,,
2339,0020310100,0100132000,0100020310,yes,,,,,,,
2340,0001013200,0000021013,0001013200,yes,,,,,,,
2341,0001013200,0000231010,0231010000,yes,,,,,,,
2342,0001013200,0000230101,0000230101,yes,,,,,,,
2343,0003100120,0000210130,0003100120,yes,,,,,,,
2344,0003100120,0002100130,2100130000,yes,,,,,,,
2345,0003100120,0002100013,0002100013,yes,,,,,,,
2346,0001102030,0000300112,0001102030,yes,,,,,,,
2347,0001102030,0003020110,1102030000,yes,,,,,,,
2348,0001102030,0003020011,0003020011,yes,,,,,,,
2349,0001030012,0002103010,0001030012,yes,,,,,,,
2350,0001030012,1003012000,1003012000,yes,,,,,,,
2351,0001030012,0001002301,0001002301,yes,,,,,,,
2352,0010301002,0301002001,0010301002,yes,,,,,,,
2353,0010301002,0010302100,0010302100,yes,,,,,,,
2354,0010301002,0012031000,1000010302,yes,,,,,,,
2355,0000130210,0000123100,0000130210,yes,,,,,,,
2356,0000130210,0001203100,0130210000,yes,,,,,,,
2357,0000130210,0001200310,0001200310,yes,,,,,,,
2358,0013002100,0010031002,0013002100,yes,,,,,,,
2359,0013002100,0030100120,0120030100,yes,,,,,,,
2360,0013002100,0001000123,1000120003,yes,,,,,,,
2361,1001203000,0000210013,0210010003,yes,,,,,,,
2362,1001203000,0000030211,0030210001,yes,,,,,,,
2363,1001203000,0010030021,0010030021,yes,,,,,,,
2364,0003102001,0001000132,0003102001,yes,,,,,,,
2365,0003102001,0020131000,0020131000,yes,,,,,,,
2366,0003102001,0000021013,0000021013,yes,,,,,,,
2367,0003000112,0002110030,0003000112,yes,,,,,,,
2368,0003000112,0032001100,1100032000,yes,,,,,,,
2369,0003000112,0001102003,0001102003,yes,,,,,,,
2370,0000300121,0001210300,0000300121,yes,,,,,,,
2371,0000300121,0301002100,0300120001,yes,,,,,,,
2372,0000300121,0002101030,0002101030,yes,,,,,,,
2373,0301102000,0000110302,0110300002,yes,,,,,,,
2374,0301102000,0020110030,0020110030,yes,,,,,,,
2375,0301102000,0010300021,0300020011,yes,,,,,,,
2376,1002103000,0000120013,0120010003,yes,,,,,,,
2377,1002103000,0000030121,0030120001,yes,,,,,,,
2378,1002103000,0010010032,0010030012,yes,,,,,,,
2379,0030100201,0103001020,0030100201,yes,,,,,,,
2380,0030100201,0101300200,0100200031,yes,,,,,,,
2381,0030100201,0201013000,0200030101,yes,,,,,,,
2382,0003102100,0000010132,0003102100,yes,,,,,,,
2383,0003102100,0000120130,0120130000,yes,,,,,,,
2384,0003102100,0000120013,0000120013,yes,,,,,,,
2385,0000102031,0001300102,0000102031,yes,,,,,,,
2386,0000102031,0101003020,0102030001,yes,,,,,,,
2387,0000102031,0003021010,0003021010,yes,,,,,,,
2388,0002010310,0000131020,0002010310,yes,,,,,,,
2389,0002010310,0001301020,1301020000,yes,,,,,,,
2390,0002010310,0001300102,0001300102,yes,,,,,,,
2391,0203101000,0000130201,0130200001,yes,,,,,,,
2392,0203101000,0010130020,0010130020,yes,,,,,,,
2393,0203101000,0010010203,0200010013,yes,,,,,,,
2394,0102010300,0031020100,0102010300,yes,,,,,,,
2395,0102010300,0010301020,0301020010,yes,,,,,,,
2396,0102010300,0100100302,0100300102,yes,,,,,,,
2397,0013010020,0201031000,0013010020,yes,,,,,,,
2398,0013010020,0102001030,2001030100,yes,,,,,,,
2399,0013010020,0101002003,0020013010,yes,,,,,,,
2400,0311002000,0000011302,0011300002,yes,,,,,,,
2401,0311002000,0010130020,0020010130,yes,,,,,,,
2402,0311002000,0001300021,1300020001,yes,,,,,,,
2403,0002000311,0001130020,0002000311,yes,,,,,,,
2404,0002000311,0021001300,1300021000,yes,,,,,,,
2405,0002000311,0001301002,0001301002,yes,,,,,,,
2406,0000200311,0001130200,0000200311,yes,,,,,,,
2407,0000200311,0201001300,0200310001,yes,,,,,,,
2408,0000200311,0001301020,0001301020,yes,,,,,,,
2409,0010012030,0301001002,0010012030,no,,,,,,,
2410,0010012030,0103021000,0012030010,yes,,,,,,,
2411,0010012030,0101003020,1003020100,yes,,,,,,,
2412,0100310200,0021300100,0100310200,yes,,,,,,,
2413,0100310200,0010201300,0201300010,yes,,,,,,,
2414,0100310200,0100200130,0100200130,yes,,,,,,,
2415,0030200110,0110203000,0030200110,yes,,,,,,,
2416,0030200110,0200301100,0200110030,yes,,,,,,,
2417,0030200110,0023001100,0110030200,yes,,,,,,,
2418,0001100230,0000320110,0001100230,yes,,,,,,,
2419,0001100230,0003200110,1100230000,yes,,,,,,,
2420,0001100230,0003200011,0003200011,yes,,,,,,,
2421,0100213000,0001200103,0100213000,yes,,,,,,,
2422,0100213000,0010031200,0031200010,yes,,,,,,,
2423,0100213000,0030120100,0100030120,yes,,,,,,,
2424,0001302010,0000100312,0001302010,yes,,,,,,,
2425,0001302010,0001020310,1020310000,yes,,,,,,,
2426,0001302010,0001020031,0001020031,yes,,,,,,,
2427,0000101230,0000320101,0000101230,yes,,,,,,,
2428,0000101230,0003210100,0101230000,yes,,,,,,,
2429,0000101230,0003210010,0003210010,yes,,,,,,,
2430,0121000300,0012100030,0012100030,yes,,,,,,,
2431,0121000300,0010210300,0300010210,yes,,,,,,,
2432,0121000300,0002100301,0300121000,yes,,,,,,,
2433,0000031201,0001023001,0000031201,yes,,,,,,,
2434,0000031201,0213001000,0031200001,yes,,,,,,,
2435,0000031201,0000211300,0000211300,yes,,,,,,,
2436,0001231000,0000003211,0001231000,yes,,,,,,,
2437,0001231000,0000013210,0013210000,yes,,,,,,,
2438,0001231000,0000010321,0000010321,yes,,,,,,,
2439,0002011030,0000301021,0002011030,yes,,,,,,,
2440,0002011030,0003011020,2011030000,yes,,,,,,,
2441,0002011030,0003010102,0003010102,yes,,,,,,,
2442,0003001012,0002100031,0003001012,yes,,,,,,,
2443,0003001012,0032001010,1010032000,yes,,,,,,,
2444,0003001012,0001012003,0001012003,yes,,,,,,,
2445,0000032101,0001013002,0000032101,yes,,,,,,,
2446,0000032101,0123001000,0032100001,yes,,,,,,,
2447,0000032101,0000121300,0000121300,yes,,,,,,,
2448,0001001032,0002300011,0001001032,yes,,,,,,,
2449,0001001032,0012003010,1001030002,yes,,,,,,,
2450,0001001032,0003012001,0003012001,yes,,,,,,,
2451,0102301000,0000320101,0102301000,yes,,,,,,,
2452,0102301000,0010010320,0010320010,yes,,,,,,,
2453,0102301000,0010030102,0100010032,yes,,,,,,,
2454,0002101003,0003000121,0002101003,yes,,,,,,,
2455,0002101003,0010123000,0010123000,yes,,,,,,,
2456,0002101003,0000013012,0000013012,yes,,,,,,,
2457,0000030121,0001213000,0000030121,yes,,,,,,,
2458,0000030121,1002103000,0030120001,yes,,,,,,,
2459,0000030121,0002101300,0002101300,yes,,,,,,,
2460,0003010021,0001201030,0003010021,yes,,,,,,,
2461,0003010021,1002001030,2001031000,yes,,,,,,,
2462,0003010021,0002001103,0002001103,yes,,,,,,,
2463,0010010230,0321001000,0010010230,no,,,,,,,
2464,0010010230,0103201000,0010230010,yes,,,,,,,
2465,0010010230,0101003200,0230010010,yes,,,,,,,
2466,0100301020,0100200301,0100301020,yes,,,,,,,
2467,0100301020,0012010300,0301020100,yes,,,,,,,
2468,0100301020,0030102010,0102010030,yes,,,,,,,
2469,0000321001,0001002301,0000321001,yes,,,,,,,
2470,0000321001,0012301000,0012301000,yes,,,,,,,
2471,0000321001,0000011230,0000011230,yes,,,,,,,
2472,0103021000,0002030101,0103021000,yes,,,,,,,
2473,0103021000,0010012030,0012030010,yes,,,,,,,
2474,0103021000,0010200103,0100010203,yes,,,,,,,
2475,0010023001,1001002003,0010023001,yes,,,,,,,
2476,0010023001,0032001100,0023000011,yes,,,,,,,
2477,0010023001,0031201000,1000031200,yes,,,,,,,
2478,0020031010,0103002001,0020031010,yes,,,,,,,
2479,0020031010,0201013000,0031010020,yes,,,,,,,
2480,0020031010,0302001010,1010020030,yes,,,,,,,
2481,0100102300,0030100102,0100100032,no,,,,,,,
2482,0100102300,0010320100,0102300100,yes,,,,,,,
2483,0100102300,0010100320,0100320010,yes,,,,,,,
2484,0001032100,0000013012,0001032100,yes,,,,,,,
2485,0001032100,0000123010,0123010000,yes,,,,,,,
2486,0001032100,0000120301,0000120301,yes,,,,,,,
2487,0030101002,0103002001,0030101002,yes,,,,,,,
2488,0030101002,0010102300,0010102300,yes,,,,,,,
2489,0030101002,0012013000,1000030102,yes,,,,,,,
2490,0013100200,0020131000,0013100200,yes,,,,,,,
2491,0013100200,0100200130,0200130100,yes,,,,,,,
2492,0013100200,0011000203,0200013100,yes,,,,,,,
2493,0000201013,0003100201,0000201013,yes,,,,,,,
2494,0000201013,0203001010,0201010003,yes,,,,,,,
2495,0000201013,0001013020,0001013020,yes,,,,,,,
2496,0100210300,0031200100,0100210300,yes,,,,,,,
2497,0100210300,0010301200,0210300100,yes,,,,,,,
2498,0100210300,0100300120,0100300120,yes,,,,,,,
2499,0201003100,0010010203,0010200013,yes,,,,,,,
2500,0201003100,0010020130,0130010020,yes,,,,,,,
2501,0201003100,0000200131,0200130001,yes,,,,,,,
2502,0000031012,0002103001,0000031012,yes,,,,,,,
2503,0000031012,1013002000,0031010002,yes,,,,,,,
2504,0000031012,0001012300,0001012300,yes,,,,,,,
2505,0101003002,0010102003,0010102003,yes,,,,,,,
2506,0101003002,0012010030,0030012010,yes,,,,,,,
2507,0101003002,0032000101,0100032001,yes,,,,,,,
2508,0000021013,0003102001,0000021013,yes,,,,,,,
2509,0000021013,1012003000,0021010003,yes,,,,,,,
2510,0000021013,0001013200,0001013200,yes,,,,,,,
2511,0100123000,0002100103,0100123000,yes,,,,,,,
2512,0100123000,0010032100,0032100010,yes,,,,,,,
2513,0100123000,0030210100,0100030210,yes,,,,,,,
2514,0000201310,0000130201,0000201310,yes,,,,,,,
2515,0000201310,0001310200,0201310000,yes,,,,,,,
2516,0000201310,0001310020,0001310020,yes,,,,,,,
2517,0001301200,0000020311,0001301200,yes,,,,,,,
2518,0001301200,0000210310,0210310000,yes,,,,,,,
2519,0001301200,0000210031,0000210031,yes,,,,,,,
